"date","water_level","water_volume"
2015-01-01,52.17,15.468
2015-01-02,52.15,15.452
2015-01-03,52.13,15.436
2015-01-04,52.1,15.412
2015-01-05,52.07,15.388
2015-01-06,52.06,15.38
2015-01-07,52.04,15.364
2015-01-08,52.02,15.348
2015-01-09,52.04,15.364
2015-01-10,52.08,15.396
2015-01-11,52.31,15.581
2015-01-12,52.5,15.734
2015-01-13,52.54,15.767
2015-01-14,52.54,15.767
2015-01-15,52.53,15.759
2015-01-16,52.53,15.759
2015-01-17,52.53,15.759
2015-01-18,52.51,15.742
2015-01-19,52.49,15.726
2015-01-20,52.52,15.751
2015-01-21,52.55,15.775
2015-01-22,52.57,15.791
2015-01-23,52.57,15.791
2015-01-24,52.57,15.791
2015-01-25,52.55,15.775
2015-01-26,52.53,15.759
2015-01-27,52.5,15.734
2015-01-28,52.47,15.71
2015-01-29,52.44,15.686
2015-01-30,52.42,15.67
2015-01-31,52.39,15.645
2015-02-01,52.35,15.613
2015-02-02,52.31,15.581
2015-02-03,52.26,15.541
2015-02-04,52.2,15.492
2015-02-05,52.15,15.452
2015-02-06,52.1,15.412
2015-02-07,52.04,15.364
2015-02-08,51.98,15.316
2015-02-09,51.93,15.276
2015-02-10,51.87,15.229
2015-02-11,51.81,15.181
2015-02-12,51.74,15.125
2015-02-13,51.68,15.078
2015-02-14,51.61,15.022
2015-02-15,51.55,14.975
2015-02-16,51.48,14.919
2015-02-17,51.41,14.864
2015-02-18,51.34,14.809
2015-02-19,51.29,14.77
2015-02-20,51.25,14.739
2015-02-21,51.2,14.7
2015-02-22,51.17,14.676
2015-02-23,51.12,14.637
2015-02-24,51.08,14.606
2015-02-25,51.04,14.575
2015-02-26,50.99,14.536
2015-02-27,50.93,14.489
2015-02-28,50.89,14.458
2015-03-01,50.84,14.419
2015-03-02,50.81,14.396
2015-03-03,50.8,14.388
2015-03-04,50.78,14.373
2015-03-05,50.75,14.35
2015-03-06,50.73,14.334
2015-03-07,50.7,14.311
2015-03-08,50.68,14.295
2015-03-09,50.66,14.28
2015-03-10,50.65,14.272
2015-03-11,50.65,14.272
2015-03-12,50.68,14.295
2015-03-13,50.71,14.319
2015-03-14,50.76,14.357
2015-03-15,50.81,14.396
2015-03-16,50.84,14.419
2015-03-17,50.87,14.442
2015-03-18,50.9,14.466
2015-03-19,50.94,14.497
2015-03-20,50.99,14.536
2015-03-21,51.05,14.582
2015-03-22,51.13,14.645
2015-03-23,51.18,14.684
2015-03-24,51.24,14.731
2015-03-25,51.29,14.77
2015-03-26,51.34,14.809
2015-03-27,51.4,14.856
2015-03-28,51.45,14.896
2015-03-29,51.51,14.943
2015-03-30,51.73,15.117
2015-03-31,52,15.332
2015-04-01,52.38,15.637
2015-04-02,52.78,15.962
2015-04-03,52.97,16.117
2015-04-04,53.07,16.199
2015-04-05,53.13,16.248
2015-04-06,53.17,16.281
2015-04-07,53.19,16.298
2015-04-08,53.24,16.339
2015-04-09,53.3,16.388
2015-04-10,53.39,16.463
2015-04-11,53.5,16.554
2015-04-12,53.63,16.662
2015-04-13,53.76,16.77
2015-04-14,53.87,16.862
2015-04-15,53.97,16.946
2015-04-16,54.05,17.013
2015-04-17,54.13,17.081
2015-04-18,54.18,17.123
2015-04-19,54.21,17.148
2015-04-20,54.23,17.165
2015-04-21,54.24,17.173
2015-04-22,54.23,17.165
2015-04-23,54.27,17.199
2015-04-24,54.29,17.216
2015-04-25,54.31,17.233
2015-04-26,54.33,17.25
2015-04-27,54.35,17.266
2015-04-28,54.35,17.266
2015-04-29,54.34,17.258
2015-04-30,54.31,17.233
2015-05-01,54.3,17.224
2015-05-02,54.29,17.216
2015-05-03,54.26,17.19
2015-05-04,54.25,17.182
2015-05-05,54.23,17.165
2015-05-06,54.21,17.148
2015-05-07,54.19,17.131
2015-05-08,54.16,17.106
2015-05-09,54.12,17.02
2015-05-10,54.09,17.047
2015-05-11,54.05,17.013
2015-05-12,54.02,16.988
2015-05-13,53.99,16.963
2015-05-14,53.96,16.938
2015-05-15,53.93,16.913
2015-05-16,53.9,16.887
2015-05-17,53.87,16.862
2015-05-18,53.83,16.829
2015-05-19,53.78,16.787
2015-05-20,53.73,16.745
2015-05-21,53.69,16.712
2015-05-22,53.65,16.679
2015-05-23,53.6,16.637
2015-05-24,53.55,16.595
2015-05-25,53.52,16.571
2015-05-26,53.48,16.537
2015-05-27,53.43,16.496
2015-05-28,53.38,16.455
2015-05-29,53.34,16.421
2015-05-30,53.29,16.38
2015-05-31,53.24,16.339
2015-06-01,53.2,16.306
2015-06-02,53.16,16.273
2015-06-03,53.11,16.232
2015-06-04,53.06,16.191
2015-06-05,52.99,16.133
2015-06-06,52.92,16.076
2015-06-07,52.85,16.019
2015-06-08,52.78,15.962
2015-06-09,52.72,15.913
2015-06-10,52.65,15.856
2015-06-11,52.58,15.799
2015-06-12,52.51,15.742
2015-06-13,52.44,15.686
2015-06-14,52.38,15.637
2015-06-15,52.31,15.581
2015-06-16,52.25,15.533
2015-06-17,52.18,15.476
2015-06-18,52.11,15.42
2015-06-19,52.05,15.372
2015-06-20,51.98,15.316
2015-06-21,51.92,15.268
2015-06-22,51.87,15.229
2015-06-23,51.83,15.197
2015-06-24,51.8,15.173
2015-06-25,51.75,15.133
2015-06-26,51.69,15.085
2015-06-27,51.63,15.038
2015-06-28,51.57,14.991
2015-06-29,51.51,14.943
2015-06-30,51.45,14.896
2015-07-01,51.37,14.833
2015-07-02,51.37,14.833
2015-07-03,51.21,14.707
2015-07-04,51.12,14.637
2015-07-05,51.04,14.575
2015-07-06,50.96,14.512
2015-07-07,50.89,14.458
2015-07-08,50.81,14.396
2015-07-09,50.75,14.35
2015-07-10,50.69,14.303
2015-07-11,50.62,14.249
2015-07-12,50.55,14.195
2015-07-13,50.48,14.142
2015-07-14,50.43,14.103
2015-07-15,50.38,14.065
2015-07-16,50.32,14.019
2015-07-17,50.24,13.958
2015-07-18,50.16,13.897
2015-07-19,50.09,13.844
2015-07-20,50.04,13.806
2015-07-21,49.98,13.76
2015-07-22,49.91,13.708
2015-07-23,49.84,13.655
2015-07-24,49.77,13.602
2015-07-25,49.71,13.557
2015-07-26,49.65,13.512
2015-07-27,49.59,13.467
2015-07-28,49.55,13.437
2015-07-29,49.49,13.392
2015-07-30,49.42,13.34
2015-07-31,49.36,13.295
2015-08-01,49.3,13.251
2015-08-02,49.23,13.199
2015-08-03,49.15,13.14
2015-08-04,49.07,13.081
2015-08-05,48.99,13.022
2015-08-06,48.91,12.963
2015-08-07,48.83,12.904
2015-08-08,48.73,12.831
2015-08-09,48.66,12.78
2015-08-10,48.57,12.715
2015-08-11,48.48,12.65
2015-08-12,48.48,12.65
2015-08-13,48.3,12.52
2015-08-14,48.21,12.455
2015-08-15,48.14,12.405
2015-08-16,48.09,12.369
2015-08-17,48.09,12.369
2015-08-18,48.05,12.34
2015-08-19,48.01,12.312
2015-08-20,47.95,12.269
2015-08-21,47.89,12.226
2015-08-22,47.82,12.177
2015-08-23,47.76,12.134
2015-08-24,47.7,12.092
2015-08-25,47.63,12.042
2015-08-26,47.57,12
2015-08-27,47.49,11.944
2015-08-28,47.43,11.902
2015-08-29,47.38,11.867
2015-08-30,47.31,11.818
2015-08-31,47.25,11.776
2015-09-01,47.17,11.72
2015-09-02,47.1,11.672
2015-09-03,47.02,11.616
2015-09-04,46.95,11.568
2015-09-05,46.88,11.52
2015-09-06,46.82,11.478
2015-09-07,46.75,11.43
2015-09-08,46.69,11.389
2015-09-09,46.62,11.341
2015-09-10,46.55,11.294
2015-09-11,46.48,11.246
2015-09-12,46.4,11.192
2015-09-13,46.33,11.144
2015-09-14,46.27,11.104
2015-09-15,46.21,11.064
2015-09-16,46.13,11.01
2015-09-17,46.08,10.976
2015-09-18,46.02,10.936
2015-09-19,45.95,10.889
2015-09-20,45.89,10.849
2015-09-21,45.82,10.803
2015-09-22,45.75,10.756
2015-09-23,45.69,10.717
2015-09-24,45.63,10.677
2015-09-25,45.56,10.631
2015-09-26,45.49,10.585
2015-09-27,45.42,10.539
2015-09-28,45.35,10.493
2015-09-29,45.38,10.448
2015-09-30,45.21,10.402
2015-10-01,45.13,10.35
2015-10-02,45.05,10.299
2015-10-03,44.97,10.247
2015-10-04,44.9,10.202
2015-10-05,44.82,10.151
2015-10-06,44.74,10.1
2015-10-07,44.68,10.061
2015-10-08,44.6,10.01
2015-10-09,44.53,9.966
2015-10-10,44.47,9.928
2015-10-11,44.4,9.884
2015-10-12,44.33,9.84
2015-10-13,44.25,9.79
2015-10-14,44.17,9.74
2015-10-15,44.09,9.69
2015-10-16,44.03,9.652
2015-10-17,43.97,9.615
2015-10-18,43.91,9.578
2015-10-19,43.85,9.541
2015-10-20,43.78,9.498
2015-10-21,43.72,9.461
2015-10-22,43.65,9.418
2015-10-23,43.58,9.375
2015-10-24,43.5,9.327
2015-10-25,43.43,9.284
2015-10-26,43.36,9.242
2015-10-27,43.29,9.199
2015-10-28,43.23,9.163
2015-10-29,43.16,9.121
2015-10-30,43.08,9.073
2015-10-31,43.01,9.031
2015-11-01,42.95,8.996
2015-11-02,42.88,8.954
2015-11-03,42.8,8.907
2015-11-04,42.73,8.865
2015-11-05,42.65,8.818
2015-11-06,42.57,8.771
2015-11-07,42.5,8.731
2015-11-08,42.43,8.69
2015-11-09,42.35,8.643
2015-11-10,42.27,8.597
2015-11-11,42.2,8.557
2015-11-12,42.12,8.511
2015-11-13,42.04,8.465
2015-11-14,41.97,8.425
2015-11-15,41.93,8.402
2015-11-16,42,8.442
2015-11-17,42.09,8.493
2015-11-18,42.21,8.562
2015-11-19,42.38,8.661
2015-11-20,42.6,8.789
2015-11-21,42.92,8.978
2015-11-22,43.18,9.133
2015-11-23,43.39,9.26
2015-11-24,43.54,9.351
2015-11-25,43.67,9.43
2015-11-26,43.76,9.486
2015-11-27,43.84,9.535
2015-11-28,43.9,9.572
2015-11-29,43.95,9.603
2015-11-30,44.08,9.683
2015-12-01,44.56,9.985
2015-12-02,45.44,10.552
2015-12-03,46,10.923
2015-12-04,46.39,11.185
2015-12-05,46.64,11.355
2015-12-06,46.8,11.465
2015-12-07,46.92,11.547
2015-12-08,47,11.602
2015-12-09,47.12,11.685
2015-12-10,47.23,11.762
2015-12-11,47.31,11.818
2015-12-12,47.42,11.895
2015-12-13,47.56,11.993
2015-12-14,47.71,12.099
2015-12-15,47.87,12.212
2015-12-16,48.01,12.312
2015-12-17,48.15,12.412
2015-12-18,48.28,12.505
2015-12-19,48.41,12.599
2015-12-20,48.54,12.693
2015-12-21,48.66,12.78
2015-12-22,48.79,12.875
2015-12-23,48.9,12.956
2015-12-24,49,13.029
2015-12-25,49.1,13.103
2015-12-26,49.2,13.177
2015-12-27,49.28,13.236
2015-12-28,49.36,13.295
2015-12-29,49.42,13.34
2015-12-30,49.48,13.385
2015-12-31,49.53,13.422
2016-01-01,49.58,13.46
2016-01-02,49.62,13.489
2016-01-03,49.67,13.527
2016-01-04,49.7,13.549
2016-01-05,49.73,13.572
2016-01-06,49.75,13.587
2016-01-07,49.74,13.579
2016-01-08,49.73,13.572
2016-01-09,49.71,13.557
2016-01-10,49.68,13.534
2016-01-11,49.68,13.534
2016-01-12,49.72,13.564
2016-01-13,49.75,13.587
2016-01-14,49.82,13.64
2016-01-15,49.89,13.692
2016-01-16,49.96,13.745
2016-01-17,50,13.776
2016-01-18,50.02,13.791
2016-01-19,50.03,13.798
2016-01-20,50.02,13.791
2016-01-21,50.01,13.783
2016-01-22,49.98,13.76
2016-01-23,49.94,13.73
2016-01-24,49.91,13.708
2016-01-25,49.87,13.677
2016-01-26,49.87,13.677
2016-01-27,49.93,13.723
2016-01-28,50.06,13.821
2016-01-29,50.2,13.927
2016-01-30,50.36,14.05
2016-01-31,50.55,14.195
2016-02-01,50.77,14.365
2016-02-02,51.23,14.723
2016-02-03,51.67,15.07
2016-02-04,52.01,15.34
2016-02-05,52.21,15.501
2016-02-06,52.33,15.597
2016-02-07,52.43,15.678
2016-02-08,52.52,15.751
2016-02-09,52.54,15.767
2016-02-10,52.61,15.824
2016-02-11,52.62,15.832
2016-02-12,52.58,15.799
2016-02-13,52.56,15.783
2016-02-14,52.55,15.775
2016-02-15,52.55,15.775
2016-02-16,52.56,15.783
2016-02-17,52.58,15.799
2016-02-18,52.59,15.807
2016-02-19,52.6,15.815
2016-02-20,52.59,15.807
2016-02-21,52.59,15.807
2016-02-22,52.64,15.848
2016-02-23,52.65,15.856
2016-02-24,52.62,15.832
2016-02-25,52.58,15.799
2016-02-26,52.56,15.783
2016-02-27,52.54,15.767
2016-02-28,52.53,15.759
2016-02-29,52.51,15.742
2016-03-01,52.52,15.751
2016-03-02,52.46,15.702
2016-03-03,52.46,15.702
2016-03-04,52.44,15.686
2016-03-05,52.42,15.67
2016-03-06,52.4,15.654
2016-03-07,52.37,15.629
2016-03-08,52.35,15.613
2016-03-09,52.32,15.589
2016-03-10,52.31,15.581
2016-03-11,52.29,15.565
2016-03-12,52.3,15.573
2016-03-13,52.33,15.597
2016-03-14,52.34,15.605
2016-03-15,52.35,15.613
2016-03-16,52.37,15.629
2016-03-17,52.37,15.629
2016-03-18,52.37,15.629
2016-03-19,52.37,15.629
2016-03-20,52.37,15.629
2016-03-21,52.37,15.629
2016-03-22,52.37,15.629
2016-03-23,52.37,15.629
2016-03-24,52.38,15.637
2016-03-25,52.39,15.645
2016-03-26,52.4,15.654
2016-03-27,52.43,15.678
2016-03-28,52.46,15.702
2016-03-29,52.53,15.759
2016-03-30,52.61,15.824
2016-03-31,52.71,15.905
2016-04-01,52.86,16.027
2016-04-02,52.91,16.068
2016-04-03,52.95,16.101
2016-04-04,53.04,16.174
2016-04-05,53.19,16.298
2016-04-06,53.33,16.413
2016-04-07,53.45,16.513
2016-04-08,53.54,16.587
2016-04-09,53.6,16.637
2016-04-10,53.63,16.662
2016-04-11,53.64,16.67
2016-04-12,53.69,16.712
2016-04-13,53.75,16.762
2016-04-14,53.8,16.804
2016-04-15,53.84,16.837
2016-04-16,53.88,16.871
2016-04-17,53.94,16.921
2016-04-18,54,16.971
2016-04-19,54,16.971
2016-04-20,54,16.971
2016-04-21,54.01,16.98
2016-04-22,54.03,17.005
2016-04-23,54.05,17.013
2016-04-24,54.06,17.022
2016-04-25,54.06,17.022
2016-04-26,54.08,17.039
2016-04-27,54.09,17.047
2016-04-28,54.09,17.047
2016-04-29,54.1,17.055
2016-04-30,54.09,17.047
2016-05-01,54.09,17.047
2016-05-02,54.09,17.047
2016-05-03,54.1,17.055
2016-05-04,54.11,17.064
2016-05-05,54.13,17.081
2016-05-06,54.16,17.106
2016-05-07,54.16,17.106
2016-05-08,54.15,17.098
2016-05-09,54.15,17.098
2016-05-10,54.15,17.098
2016-05-11,54.16,17.106
2016-05-12,54.11,17.064
2016-05-13,54.08,17.039
2016-05-14,54.07,17.03
2016-05-15,54.06,17.022
2016-05-16,54.06,17.022
2016-05-17,54.06,16.997
2016-05-18,54,16.971
2016-05-19,53.96,16.938
2016-05-20,53.93,16.921
2016-05-21,53.88,16.871
2016-05-22,53.83,16.829
2016-05-23,53.78,16.787
2016-05-24,53.75,16.762
2016-05-25,53.74,16.754
2016-05-26,53.7,16.72
2016-05-27,53.65,16.679
2016-05-28,53.61,16.645
2016-05-29,53.61,16.645
2016-05-30,53.63,16.662
2016-05-31,53.64,16.67
2016-06-01,53.64,16.67
2016-06-02,53.67,16.695
2016-06-03,53.74,16.754
2016-06-04,53.78,16.787
2016-06-05,53.86,16.854
2016-06-06,53.96,16.938
2016-06-07,54,16.971
2016-06-08,54.01,16.98
2016-06-09,54.01,16.98
2016-06-10,54.03,16.997
2016-06-11,54.04,17.005
2016-06-12,54.04,17.005
2016-06-13,54.06,17.022
2016-06-14,54.06,17.022
2016-06-15,54.01,16.98
2016-06-16,53.97,16.955
2016-06-17,53.91,16.904
2016-06-18,53.83,16.829
2016-06-19,53.75,16.762
2016-06-20,53.68,16.704
2016-06-21,53.66,16.687
2016-06-22,53.61,16.645
2016-06-23,53.58,16.62
2016-06-24,53.54,16.587
2016-06-25,53.42,16.488
2016-06-26,53.45,16.513
2016-06-27,53.41,16.479
2016-06-28,53.38,16.455
2016-06-29,53.36,16.438
2016-06-30,53.32,16.405
2016-07-01,53.27,16.364
2016-07-02,53.23,16.331
2016-07-03,53.19,16.298
2016-07-04,53.16,16.273
2016-07-05,53.12,16.24
2016-07-06,53.05,16.183
2016-07-07,53.01,16.15
2016-07-08,52.97,16.117
2016-07-09,52.92,16.076
2016-07-10,52.85,16.019
2016-07-11,52.82,15.994
2016-07-12,52.75,15.937
2016-07-13,52.7,15.897
2016-07-14,52.64,15.848
2016-07-15,52.6,15.815
2016-07-16,52.56,15.783
2016-07-17,52.5,15.734
2016-07-18,52.45,15.694
2016-07-19,52.42,15.67
2016-07-20,52.34,15.605
2016-07-21,52.27,15.549
2016-07-22,52.24,15.525
2016-07-23,52.18,15.484
2016-07-24,52.15,15.452
2016-07-25,52.11,15.42
2016-07-26,52.07,15.388
2016-07-27,52.03,15.356
2016-07-28,51.98,15.316
2016-07-29,51.94,15.284
2016-07-30,51.9,15.252
2016-07-31,51.85,15.213
2016-08-01,51.8,15.173
2016-08-02,51.76,15.141
2016-08-03,51.72,15.109
2016-08-04,51.68,15.078
2016-08-05,51.66,15.062
2016-08-06,51.63,15.038
2016-08-07,51.6,15.014
2016-08-08,51.56,14.983
2016-08-09,51.5,14.935
2016-08-10,51.45,14.896
2016-08-11,51.42,14.872
2016-08-12,51.35,14.817
2016-08-13,51.31,14.786
2016-08-14,51.27,14.754
2016-08-15,51.21,14.707
2016-08-16,51.17,14.676
2016-08-17,51.11,14.629
2016-08-18,51.05,14.582
2016-08-19,51,14.543
2016-08-20,50.94,14.497
2016-08-21,50.89,14.458
2016-08-22,50.86,14.435
2016-08-23,50.8,14.388
2016-08-24,50.74,14.342
2016-08-25,50.67,14.288
2016-08-26,50.52,14.172
2016-08-27,50.52,14.172
2016-08-28,50.44,14.111
2016-08-29,50.35,14.042
2016-08-30,50.3,14.004
2016-08-31,50.24,13.958
2016-09-01,50.17,13.905
2016-09-02,50.1,13.851
2016-09-03,50.04,13.806
2016-09-04,49.98,13.76
2016-09-05,49.94,13.738
2016-09-06,49.89,13.692
2016-09-07,49.82,13.64
2016-09-08,49.76,13.595
2016-09-09,49.7,13.549
2016-09-10,49.63,13.497
2016-09-11,49.57,13.452
2016-09-12,49.5,13.4
2016-09-13,49.44,13.355
2016-09-14,49.36,13.295
2016-09-15,49.28,13.236
2016-09-16,49.22,13.192
2016-09-17,49.16,13.147
2016-09-18,49.16,13.147
2016-09-19,49.1,13.103
2016-09-20,49.06,13.073
2016-09-21,49,13.029
2016-09-22,48.94,12.985
2016-09-23,48.88,12.941
2016-09-24,48.81,12.89
2016-09-25,48.76,12.853
2016-09-26,48.7,12.81
2016-09-27,48.64,12.766
2016-09-28,48.57,12.729
2016-09-29,48.51,12.671
2016-09-30,48.44,12.621
2016-10-01,48.38,12.577
2016-10-02,48.33,12.541
2016-10-03,48.29,12.512
2016-10-04,48.25,12.484
2016-10-05,48.19,12.441
2016-10-06,48.14,12.405
2016-10-07,48.11,12.383
2016-10-08,48.08,12.362
2016-10-09,48.06,12.347
2016-10-10,48.03,12.326
2016-10-11,47.99,12.298
2016-10-12,47.96,12.276
2016-10-13,47.93,12.255
2016-10-14,47.89,12.226
2016-10-15,47.84,12.191
2016-10-16,47.8,12.162
2016-10-17,47.75,12.127
2016-10-18,47.71,12.099
2016-10-19,47.67,12.07
2016-10-20,47.63,12.042
2016-10-21,47.64,12.049
2016-10-22,47.62,12.035
2016-10-23,47.61,12.028
2016-10-24,47.57,12
2016-10-25,47.58,12.007
2016-10-26,47.58,12.007
2016-10-27,47.57,12
2016-10-28,47.56,11.993
2016-10-29,47.54,11.979
2016-10-30,47.52,11.965
2016-10-31,47.5,11.951
2016-11-01,47.48,11.937
2016-11-02,47.45,11.916
2016-11-03,47.41,11.888
2016-11-04,47.38,11.867
2016-11-05,47.34,11.839
2016-11-06,47.33,11.832
2016-11-07,47.3,11.811
2016-11-08,47.29,11.804
2016-11-09,47.23,11.762
2016-11-10,47.18,11.727
2016-11-11,47.16,11.713
2016-11-12,47.14,11.699
2016-11-13,47.13,11.692
2016-11-14,47.11,11.678
2016-11-15,47.09,11.665
2016-11-16,47.06,11.644
2016-11-17,47.04,11.63
2016-11-18,47.1,11.672
2016-11-19,47.22,11.755
2016-11-20,47.47,11.93
2016-11-21,47.62,12.035
2016-11-22,47.78,12.148
2016-11-23,47.88,12.219
2016-11-24,48,12.305
2016-11-25,48.11,12.383
2016-11-26,48.22,12.462
2016-11-27,48.32,12.534
2016-11-28,48.4,12.592
2016-11-29,48.44,12.621
2016-11-30,48.48,12.65
2016-12-01,48.5,12.664
2016-12-02,48.51,12.671
2016-12-03,48.54,12.693
2016-12-04,48.56,12.708
2016-12-05,48.55,12.7
2016-12-06,48.55,12.7
2016-12-07,48.56,12.708
2016-12-08,48.55,12.7
2016-12-09,48.53,12.686
2016-12-10,48.51,12.671
2016-12-11,48.5,12.664
2016-12-12,48.49,12.657
2016-12-13,48.48,12.65
2016-12-14,48.45,12.628
2016-12-15,48.43,12.614
2016-12-16,48.41,12.599
2016-12-17,48.38,12.577
2016-12-18,48.34,12.549
2016-12-19,48.32,12.534
2016-12-20,48.28,12.505
2016-12-21,48.22,12.462
2016-12-22,48.18,12.433
2016-12-23,48.14,12.405
2016-12-24,48.1,12.376
2016-12-25,48.08,12.362
2016-12-26,48.08,12.362
2016-12-27,48.1,12.376
2016-12-28,48.11,12.383
2016-12-29,48.12,12.39
2016-12-30,48.13,12.398
2016-12-31,48.14,12.398
2017-01-01,48.15,12.412
2017-01-02,48.16,12.419
2017-01-03,48.17,12.426
2017-01-04,48.17,12.426
2017-01-05,48.18,12.433
2017-01-06,48.17,12.426
2017-01-07,48.16,12.419
2017-01-08,48.15,12.412
2017-01-09,48.13,12.398
2017-01-10,48.11,12.383
2017-01-11,48.08,12.362
2017-01-12,48.07,12.355
2017-01-13,48.05,12.34
2017-01-14,48.05,12.34
2017-01-15,48.03,12.326
2017-01-16,48.01,12.312
2017-01-17,47.97,12.283
2017-01-18,47.93,12.255
2017-01-19,47.88,12.219
2017-01-20,47.84,12.191
2017-01-21,47.8,12.162
2017-01-22,47.75,12.127
2017-01-23,47.71,12.099
2017-01-24,47.62,12.035
2017-01-25,47.53,11.972
2017-01-26,47.44,11.909
2017-01-27,47.34,11.839
2017-01-28,47.25,11.776
2017-01-29,47.16,11.713
2017-01-30,47.06,11.644
2017-01-31,47.02,11.616
2017-02-01,46.97,11.582
2017-02-02,46.91,11.54
2017-02-03,46.85,11.499
2017-02-04,46.8,11.465
2017-02-05,46.77,11.444
2017-02-06,46.75,11.43
2017-02-07,46.72,11.41
2017-02-08,46.7,11.396
2017-02-09,46.68,11.382
2017-02-10,46.65,11.362
2017-02-11,46.61,11.335
2017-02-12,46.58,11.314
2017-02-13,46.54,11.287
2017-02-14,46.5,11.26
2017-02-15,46.46,11.232
2017-02-16,46.41,11.199
2017-02-17,46.37,11.172
2017-02-18,46.34,11.151
2017-02-19,46.31,11.131
2017-02-20,46.29,11.117
2017-02-21,46.29,11.117
2017-02-22,46.47,11.239
2017-02-23,46.83,11.485
2017-02-24,47.37,11.863
2017-02-25,47.91,12.241
2017-02-26,48.21,12.455
2017-02-27,48.4,12.592
2017-02-28,48.65,12.773
2017-03-01,48.92,12.97
2017-03-02,49.18,13.162
2017-03-03,49.46,13.37
2017-03-04,49.75,13.587
2017-03-05,50.02,13.791
2017-03-06,50.28,13.988
2017-03-07,50.53,14.18
2017-03-08,50.75,14.35
2017-03-09,50.97,14.52
2017-03-10,51.28,14.762
2017-03-11,51.61,15.022
2017-03-12,51.92,15.268
2017-03-13,52.17,15.468
2017-03-14,52.38,15.637
2017-03-15,52.53,15.759
2017-03-16,52.67,15.872
2017-03-17,52.74,15.929
2017-03-18,52.82,15.994
2017-03-19,52.94,16.093
2017-03-20,53.11,16.232
2017-03-21,53.25,16.347
2017-03-22,53.35,16.43
2017-03-23,53.38,16.455
2017-03-24,53.41,16.479
2017-03-25,53.42,16.488
2017-03-26,53.42,16.488
2017-03-27,53.42,16.488
2017-03-28,53.45,16.513
2017-03-29,53.54,16.587
2017-03-30,53.61,16.645
2017-03-31,53.67,16.695
2017-04-01,53.73,16.745
2017-04-02,53.78,16.787
2017-04-03,53.83,16.829
2017-04-04,53.86,16.854
2017-04-05,53.88,16.871
2017-04-06,53.9,16.887
2017-04-07,53.91,16.896
2017-04-08,53.93,16.913
2017-04-09,53.93,16.913
2017-04-10,53.93,16.913
2017-04-11,53.92,16.904
2017-04-12,53.9,16.887
2017-04-13,53.89,16.879
2017-04-14,53.88,16.871
2017-04-15,53.88,16.871
2017-04-16,53.88,16.871
2017-04-17,53.88,16.871
2017-04-18,53.88,16.871
2017-04-19,53.88,16.871
2017-04-20,53.87,16.862
2017-04-21,53.84,16.837
2017-04-22,53.82,16.821
2017-04-23,53.81,16.812
2017-04-24,53.79,16.795
2017-04-25,53.77,16.779
2017-04-26,53.75,16.762
2017-04-27,53.72,16.737
2017-04-28,53.7,16.72
2017-04-29,53.67,16.695
2017-04-30,53.64,16.67
2017-05-01,53.61,16.645
2017-05-02,53.58,16.62
2017-05-03,53.57,16.612
2017-05-04,53.55,16.595
2017-05-05,53.53,16.579
2017-05-06,53.5,16.554
2017-05-07,53.48,16.537
2017-05-08,53.45,16.513
2017-05-09,53.42,16.488
2017-05-10,53.39,16.463
2017-05-11,53.35,16.43
2017-05-12,53.31,16.397
2017-05-13,53.28,16.372
2017-05-14,53.26,16.355
2017-05-15,53.24,16.339
2017-05-16,53.2,16.306
2017-05-17,53.16,16.273
2017-05-18,53.15,16.265
2017-05-19,53.07,16.199
2017-05-20,53.07,16.199
2017-05-21,53.04,16.174
2017-05-22,53,16.142
2017-05-23,52.96,16.109
2017-05-24,52.92,16.076
2017-05-25,52.88,16.043
2017-05-26,52.84,16.011
2017-05-27,52.81,15.986
2017-05-28,52.75,15.937
2017-05-29,52.7,15.897
2017-05-30,52.64,15.848
2017-05-31,52.61,15.824
2017-06-01,52.57,15.791
2017-06-02,52.52,15.751
2017-06-03,52.47,15.71
2017-06-04,52.44,15.686
2017-06-05,52.44,15.686
2017-06-06,52.4,15.654
2017-06-07,52.36,15.621
2017-06-08,52.33,15.597
2017-06-09,52.29,15.565
2017-06-10,52.25,15.533
2017-06-11,52.21,15.501
2017-06-12,52.16,15.46
2017-06-13,52.1,15.412
2017-06-14,52.05,15.372
2017-06-15,51.99,15.342
2017-06-16,51.94,15.284
2017-06-17,51.89,15.244
2017-06-18,51.84,15.205
2017-06-19,51.79,15.165
2017-06-20,51.73,15.117
2017-06-21,51.66,15.062
2017-06-22,51.62,15.03
2017-06-23,51.55,14.975
2017-06-24,51.49,14.927
2017-06-25,51.43,14.88
2017-06-26,51.38,14.841
2017-06-27,51.32,14.794
2017-06-28,51.27,14.754
2017-06-29,51.23,14.723
2017-06-30,51.19,14.692
2017-07-01,51.15,14.66
2017-07-02,51.12,14.637
2017-07-03,51.09,14.614
2017-07-04,51.04,14.575
2017-07-05,50.98,14.528
2017-07-06,50.92,14.481
2017-07-07,50.86,14.435
2017-07-08,50.8,14.388
2017-07-09,50.74,14.342
2017-07-10,50.69,14.303
2017-07-11,50.65,14.272
2017-07-12,50.62,14.249
2017-07-13,50.61,14.241
2017-07-14,50.59,14.226
2017-07-15,50.56,14.203
2017-07-16,50.54,14.188
2017-07-17,50.51,14.165
2017-07-18,50.48,14.142
2017-07-19,50.43,14.103
2017-07-20,50.41,14.088
2017-07-21,50.41,14.088
2017-07-22,50.4,14.08
2017-07-23,50.4,14.08
2017-07-24,50.38,14.065
2017-07-25,50.37,14.057
2017-07-26,50.78,14.373
2017-07-27,51.71,15.101
2017-07-28,52.41,15.662
2017-07-29,52.92,16.076
2017-07-30,53.31,16.397
2017-07-31,53.57,16.612
2017-08-01,53.77,16.779
2017-08-02,53.91,16.896
2017-08-03,54.02,16.988
2017-08-04,54.12,17.072
2017-08-05,54.2,17.14
2017-08-06,54.26,17.19
2017-08-07,54.31,17.233
2017-08-08,54.33,17.25
2017-08-09,54.35,17.266
2017-08-10,54.36,17.275
2017-08-11,54.4,17.309
2017-08-12,54.42,17.326
2017-08-13,54.44,17.343
2017-08-14,54.46,17.36
2017-08-15,54.47,17.368
2017-08-16,54.47,17.368
2017-08-17,54.46,17.36
2017-08-18,54.44,17.343
2017-08-19,54.42,17.326
2017-08-20,54.39,17.3
2017-08-21,54.35,17.266
2017-08-22,54.32,17.241
2017-08-23,54.28,17.207
2017-08-24,54.25,17.182
2017-08-25,54.24,17.173
2017-08-26,54.24,17.173
2017-08-27,54.27,17.199
2017-08-28,54.28,17.207
2017-08-29,54.28,17.207
2017-08-30,54.26,17.19
2017-08-31,54.24,17.173
2017-09-01,54.23,17.165
2017-09-02,54.21,17.148
2017-09-03,54.18,17.123
2017-09-04,54.16,17.106
2017-09-05,54.13,17.081
2017-09-06,54.1,17.055
2017-09-07,54.08,17.039
2017-09-08,54.05,17.013
2017-09-09,54.02,16.988
2017-09-10,54.01,16.98
2017-09-11,53.98,16.955
2017-09-12,53.95,16.929
2017-09-13,53.92,16.904
2017-09-14,53.9,16.887
2017-09-15,53.92,16.904
2017-09-16,53.95,16.929
2017-09-17,53.96,16.938
2017-09-18,53.97,16.946
2017-09-19,53.97,16.946
2017-09-20,53.96,16.938
2017-09-21,53.92,16.904
2017-09-22,53.87,16.862
2017-09-23,53.82,16.821
2017-09-24,53.77,16.779
2017-09-25,53.72,16.737
2017-09-26,53.67,16.695
2017-09-27,53.61,16.645
2017-09-28,53.55,16.595
2017-09-29,53.49,16.546
2017-09-30,53.42,16.488
2017-10-01,53.37,16.446
2017-10-02,53.31,16.397
2017-10-03,53.24,16.339
2017-10-04,53.18,16.29
2017-10-05,53.1,16.224
2017-10-06,53.05,16.183
2017-10-07,53,16.142
2017-10-08,52.97,16.117
2017-10-09,52.98,16.125
2017-10-10,53.01,16.15
2017-10-11,53.04,16.174
2017-10-12,53.06,16.191
2017-10-13,53.06,16.191
2017-10-14,53.05,16.183
2017-10-15,53.04,16.174
2017-10-16,53.01,16.15
2017-10-17,52.97,16.117
2017-10-18,52.93,16.084
2017-10-19,52.89,16.052
2017-10-20,52.84,16.011
2017-10-21,52.79,15.97
2017-10-22,52.74,15.929
2017-10-23,52.7,15.897
2017-10-24,52.65,15.856
2017-10-25,52.59,15.807
2017-10-26,52.53,15.759
2017-10-27,52.47,15.71
2017-10-28,52.41,15.662
2017-10-29,52.37,15.629
2017-10-30,52.38,15.637
2017-10-31,52.4,15.654
2017-11-01,52.41,15.662
2017-11-02,52.42,15.67
2017-11-03,52.41,15.662
2017-11-04,52.38,15.637
2017-11-05,52.36,15.621
2017-11-06,52.35,15.613
2017-11-07,52.32,15.589
2017-11-08,52.28,15.557
2017-11-09,52.24,15.525
2017-11-10,52.21,15.501
2017-11-11,52.21,15.501
2017-11-12,52.23,15.517
2017-11-13,52.28,15.557
2017-11-14,52.33,15.597
2017-11-15,52.39,15.645
2017-11-16,52.43,15.678
2017-11-17,52.46,15.702
2017-11-18,52.49,15.726
2017-11-19,52.52,15.751
2017-11-20,52.54,15.767
2017-11-21,52.56,15.783
2017-11-22,52.57,15.791
2017-11-23,52.58,15.799
2017-11-24,52.57,15.791
2017-11-25,52.61,15.824
2017-11-26,52.59,15.807
2017-11-27,52.58,15.799
2017-11-28,52.59,15.807
2017-11-29,52.58,15.799
2017-11-30,52.58,15.799
2017-12-01,52.6,15.815
2017-12-02,52.59,15.807
2017-12-03,52.56,15.783
2017-12-04,52.51,15.742
2017-12-05,52.51,15.742
2017-12-06,52.49,15.726
2017-12-07,52.46,15.702
2017-12-08,52.45,15.694
2017-12-09,52.43,15.678
2017-12-10,52.4,15.654
2017-12-11,52.38,15.637
2017-12-12,52.39,15.645
2017-12-13,52.41,15.662
2017-12-14,52.45,15.694
2017-12-15,52.51,15.742
2017-12-16,52.54,15.767
2017-12-17,52.56,15.783
2017-12-18,52.56,15.783
2017-12-19,52.55,15.775
2017-12-20,52.53,15.759
2017-12-21,52.5,15.734
2017-12-22,52.47,15.71
2017-12-23,52.45,15.694
2017-12-24,52.45,15.694
2017-12-25,52.48,15.718
2017-12-26,52.55,15.775
2017-12-27,52.64,15.848
2017-12-28,52.62,15.832
2017-12-29,52.47,15.71
2017-12-30,52.42,15.67
2017-12-31,52.39,15.645
2018-01-01,52.36,15.621
2018-01-02,52.37,15.629
2018-01-03,52.4,15.654
2018-01-04,52.5,15.734
2018-01-05,52.65,15.856
2018-01-06,52.65,15.856
2018-01-07,52.58,15.799
2018-01-08,52.48,15.718
2018-01-09,52.43,15.678
2018-01-10,52.45,15.694
2018-01-11,52.48,15.718
2018-01-12,52.48,15.718
2018-01-13,52.5,15.734
2018-01-14,52.51,15.742
2018-01-15,52.5,15.734
2018-01-16,52.49,15.726
2018-01-17,52.48,15.718
2018-01-18,52.46,15.702
2018-01-19,52.43,15.678
2018-01-20,52.39,15.645
2018-01-21,52.34,15.605
2018-01-22,52.28,15.557
2018-01-23,52.27,15.549
2018-01-24,52.26,15.541
2018-01-25,52.27,15.549
2018-01-26,52.37,15.629
2018-01-27,52.45,15.694
2018-01-28,52.53,15.759
2018-01-29,52.57,15.791
2018-01-30,52.53,15.759
2018-01-31,52.48,15.718
2018-02-01,52.45,15.694
2018-02-02,52.44,15.686
2018-02-03,52.45,15.694
2018-02-04,52.44,15.686
2018-02-05,52.39,15.645
2018-02-06,52.37,15.629
2018-02-07,52.41,15.662
2018-02-08,52.43,15.678
2018-02-09,52.44,15.686
2018-02-10,52.44,15.686
2018-02-11,52.43,15.678
2018-02-12,52.42,15.67
2018-02-13,52.45,15.686
2018-02-14,52.47,15.71
2018-02-15,52.49,15.726
2018-02-16,52.5,15.734
2018-02-17,52.51,15.742
2018-02-18,52.52,15.751
2018-02-19,52.53,15.759
2018-02-20,52.53,15.759
2018-02-21,52.52,15.751
2018-02-22,52.51,15.742
2018-02-23,52.49,15.726
2018-02-24,52.48,15.718
2018-02-25,52.46,15.702
2018-02-26,52.44,15.686
2018-02-27,52.42,15.67
2018-02-28,52.4,15.654
2018-03-01,52.38,15.637
2018-03-02,52.35,15.613
2018-03-03,52.32,15.589
2018-03-04,52.31,15.581
2018-03-05,52.28,15.557
2018-03-06,52.25,15.533
2018-03-07,52.23,15.517
2018-03-08,52.22,15.509
2018-03-09,52.21,15.501
2018-03-10,52.19,15.484
2018-03-11,52.18,15.476
2018-03-12,52.18,15.476
2018-03-13,52.22,15.509
2018-03-14,52.33,15.597
2018-03-15,52.46,15.702
2018-03-16,52.59,15.807
2018-03-17,52.72,15.913
2018-03-18,52.83,15.994
2018-03-19,52.92,16.068
2018-03-20,52.99,16.133
2018-03-21,53.05,16.183
2018-03-22,53.1,16.224
2018-03-23,53.15,16.265
2018-03-24,53.19,16.298
2018-03-25,53.22,16.322
2018-03-26,53.26,16.347
2018-03-27,53.28,16.372
2018-03-28,53.31,16.397
2018-03-29,53.37,16.446
2018-03-30,53.44,16.504
2018-03-31,53.52,16.571
2018-04-01,53.63,16.662
2018-04-02,53.76,16.77
2018-04-03,53.9,16.887
2018-04-04,54.03,16.997
2018-04-05,54.15,17.098
2018-04-06,54.25,17.182
2018-04-07,54.26,17.19
2018-04-08,54.26,17.19
2018-04-09,54.25,17.182
2018-04-10,54.25,17.182
2018-04-11,54.31,17.233
2018-04-12,54.39,17.3
2018-04-13,54.42,17.326
2018-04-14,54.42,17.326
2018-04-15,54.41,17.317
2018-04-16,54.4,17.309
2018-04-17,54.39,17.3
2018-04-18,54.38,17.292
2018-04-19,54.36,17.275
2018-04-20,54.34,17.258
2018-04-21,54.35,17.266
2018-04-22,54.35,17.266
2018-04-23,54.35,17.266
2018-04-24,54.36,17.275
2018-04-25,54.37,17.283
2018-04-26,54.38,17.292
2018-04-27,54.39,17.3
2018-04-28,54.39,17.3
2018-04-29,54.39,17.3
2018-04-30,54.4,17.309
2018-05-01,54.4,17.309
2018-05-02,54.38,17.292
2018-05-03,54.37,17.283
2018-05-04,54.35,17.266
2018-05-05,54.33,17.25
2018-05-06,54.31,17.233
2018-05-07,54.27,17.207
2018-05-08,54.23,17.165
2018-05-09,54.2,17.14
2018-05-10,54.17,17.114
2018-05-11,54.18,17.123
2018-05-12,54.16,17.106
2018-05-13,54.13,17.081
2018-05-14,54.1,17.055
2018-05-15,54.06,17.022
2018-05-16,54.03,16.997
2018-05-17,54.01,16.98
2018-05-18,53.98,16.955
2018-05-19,53.94,16.921
2018-05-20,53.91,16.896
2018-05-21,53.87,16.862
2018-05-22,53.83,16.829
2018-05-23,53.78,16.787
2018-05-24,53.76,16.77
2018-05-25,53.79,16.795
2018-05-26,53.79,16.795
2018-05-27,53.78,16.787
2018-05-28,53.77,16.779
2018-05-29,53.73,16.745
2018-05-30,53.7,16.72
2018-05-31,53.67,16.695
2018-06-01,53.64,16.67
2018-06-02,53.6,16.637
2018-06-03,53.56,16.604
2018-06-04,53.53,16.579
2018-06-05,53.48,16.546
2018-06-06,53.44,16.504
2018-06-07,53.4,16.471
2018-06-08,53.36,16.438
2018-06-09,53.31,16.397
2018-06-10,53.27,16.364
2018-06-11,53.23,16.331
2018-06-12,53.19,16.298
2018-06-13,53.15,16.265
2018-06-14,53.11,16.232
2018-06-15,53.07,16.199
2018-06-16,53.02,16.158
2018-06-17,52.97,16.117
2018-06-18,52.92,16.076
2018-06-19,52.87,16.035
2018-06-20,52.81,15.986
2018-06-21,52.75,15.937
2018-06-22,52.69,15.889
2018-06-23,52.65,15.856
2018-06-24,52.61,15.824
2018-06-25,52.56,15.783
2018-06-26,52.51,15.742
2018-06-27,52.45,15.694
2018-06-28,52.37,15.629
2018-06-29,52.31,15.581
2018-06-30,52.24,15.525
2018-07-01,52.18,15.476
2018-07-02,52.11,15.42
2018-07-03,52.04,15.364
2018-07-04,51.97,15.308
2018-07-05,51.89,15.244
2018-07-06,51.84,15.205
2018-07-07,51.79,15.165
2018-07-08,51.73,15.117
2018-07-09,51.68,15.078
2018-07-10,51.61,15.022
2018-07-11,51.56,14.983
2018-07-12,51.54,14.967
2018-07-13,51.54,14.967
2018-07-14,51.52,14.951
2018-07-15,51.47,14.912
2018-07-16,51.42,14.872
2018-07-17,51.36,14.825
2018-07-18,51.29,14.77
2018-07-19,51.21,14.715
2018-07-20,51.12,14.637
2018-07-21,51.04,14.575
2018-07-22,50.97,14.52
2018-07-23,50.92,14.481
2018-07-24,50.85,14.427
2018-07-25,50.78,14.373
2018-07-26,50.7,14.311
2018-07-27,50.62,14.249
2018-07-28,50.55,14.195
2018-07-29,50.5,14.157
2018-07-30,50.44,14.119
2018-07-31,50.37,14.057
2018-08-01,50.3,14.004
2018-08-02,50.23,13.95
2018-08-03,50.17,13.905
2018-08-04,50.11,13.859
2018-08-05,50.04,13.806
2018-08-06,49.97,13.753
2018-08-07,49.9,13.7
2018-08-08,49.81,13.632
2018-08-09,49.74,13.579
2018-08-10,49.66,13.519
2018-08-11,49.58,13.46
2018-08-12,49.51,13.407
2018-08-13,49.44,13.355
2018-08-14,49.36,13.303
2018-08-15,49.3,13.251
2018-08-16,49.22,13.199
2018-08-17,49.15,13.14
2018-08-18,49.07,13.081
2018-08-19,49,13.029
2018-08-20,48.93,12.978
2018-08-21,48.85,12.919
2018-08-22,48.78,12.868
2018-08-23,48.7,12.81
2018-08-24,48.63,12.759
2018-08-25,48.56,12.715
2018-08-26,48.5,12.664
2018-08-27,48.43,12.614
2018-08-28,48.36,12.563
2018-08-29,48.28,12.505
2018-08-30,48.2,12.448
2018-08-31,48.12,12.398
2018-09-01,48.05,12.34
2018-09-02,47.97,12.29
2018-09-03,47.92,12.248
2018-09-04,47.87,12.212
2018-09-05,47.8,12.162
2018-09-06,47.74,12.12
2018-09-07,47.66,12.07
2018-09-08,47.6,12.021
2018-09-09,47.53,11.972
2018-09-10,47.46,11.923
2018-09-11,47.39,11.874
2018-09-12,47.31,11.818
2018-09-13,47.23,11.762
2018-09-14,47.15,11.706
2018-09-15,47.07,11.658
2018-09-16,47,11.602
2018-09-17,46.92,11.547
2018-09-18,46.84,11.492
2018-09-19,46.76,11.437
2018-09-20,46.67,11.382
2018-09-21,46.59,11.321
2018-09-22,46.51,11.261
2018-09-23,46.44,11.219
2018-09-24,46.43,11.212
2018-09-25,46.39,11.185
2018-09-26,46.32,11.138
2018-09-27,46.25,11.09
2018-09-28,46.18,11.043
2018-09-29,46.1,10.996
2018-09-30,46.03,10.943
2018-10-01,45.96,10.896
2018-10-02,45.9,10.856
2018-10-03,45.83,10.81
2018-10-04,45.77,10.77
2018-10-05,45.7,10.723
2018-10-06,45.63,10.677
2018-10-07,45.56,10.631
2018-10-08,45.5,10.592
2018-10-09,45.42,10.539
2018-10-10,45.35,10.493
2018-10-11,45.27,10.441
2018-10-12,45.19,10.389
2018-10-13,45.12,10.344
2018-10-14,45.04,10.292
2018-10-15,44.96,10.247
2018-10-16,44.89,10.196
2018-10-17,44.81,10.144
2018-10-18,44.72,10.093
2018-10-19,44.63,10.03
2018-10-20,44.55,9.979
2018-10-21,44.46,9.922
2018-10-22,44.37,9.865
2018-10-23,44.28,9.808
2018-10-24,44.2,9.758
2018-10-25,44.13,9.715
2018-10-26,44.05,9.665
2018-10-27,43.96,9.609
2018-10-28,43.87,9.553
2018-10-29,43.81,9.516
2018-10-30,43.73,9.467
2018-10-31,43.67,9.43
2018-11-01,43.61,9.394
2018-11-02,43.52,9.339
2018-11-03,43.45,9.296
2018-11-04,43.37,9.248
2018-11-05,43.29,9.199
2018-11-06,43.21,9.151
2018-11-07,43.12,9.103
2018-11-08,43.02,9.037
2018-11-09,42.94,8.99
2018-11-10,42.86,8.942
2018-11-11,42.77,8.895
2018-11-12,42.7,8.848
2018-11-13,42.61,8.795
2018-11-14,42.53,8.748
2018-11-15,42.44,8.696
2018-11-16,42.35,8.643
2018-11-17,42.27,8.597
2018-11-18,42.19,8.551
2018-11-19,42.1,8.499
2018-11-20,42.01,8.448
2018-11-21,41.93,8.402
2018-11-22,41.84,8.351
2018-11-23,41.76,8.311
2018-11-24,41.65,8.244
2018-11-25,41.56,8.199
2018-11-26,41.48,8.149
2018-11-27,41.39,8.098
2018-11-28,41.31,8.054
2018-11-29,41.21,8.004
2018-11-30,41.12,7.95
2018-12-01,41.03,7.9
2018-12-02,40.94,7.851
2018-12-03,40.91,7.835
2018-12-04,41.03,7.9
2018-12-05,41.27,8.027
2018-12-06,41.47,8.137
2018-12-07,41.6,8.216
2018-12-08,41.74,8.294
2018-12-09,41.93,8.396
2018-12-10,42.39,8.667
2018-12-11,42.92,8.972
2018-12-12,43.19,9.139
2018-12-13,43.36,9.242
2018-12-14,43.5,9.32
2018-12-15,43.62,9.394
2018-12-16,43.71,9.455
2018-12-17,43.77,9.492
2018-12-18,43.83,9.529
2018-12-19,43.86,9.547
2018-12-20,43.88,9.559
2018-12-21,43.91,9.578
2018-12-22,44.04,9.659
2018-12-23,44.29,9.815
2018-12-24,44.58,9.998
2018-12-25,44.89,10.196
2018-12-26,45.16,10.37
2018-12-27,45.37,10.506
2018-12-28,45.57,10.638
2018-12-29,45.57,10.75
2018-12-30,45.91,10.863
2018-12-31,46.04,10.949
2019-01-01,46.18,11.037
2019-01-02,46.31,11.131
2019-01-03,46.43,11.212
2019-01-04,46.54,11.287
2019-01-05,46.64,11.355
2019-01-06,46.78,11.451
2019-01-07,47.08,11.658
2019-01-08,47.44,11.909
2019-01-09,47.91,12.241
2019-01-10,48.35,12.549
2019-01-11,48.65,12.766
2019-01-12,48.87,12.934
2019-01-13,49.08,13.088
2019-01-14,49.44,13.348
2019-01-15,49.89,13.685
2019-01-16,50.25,13.966
2019-01-17,50.56,14.203
2019-01-18,50.81,14.396
2019-01-19,50.99,14.536
2019-01-20,51.13,14.645
2019-01-21,51.24,14.731
2019-01-22,51.36,14.825
2019-01-23,51.45,14.896
2019-01-24,51.55,14.975
2019-01-25,51.62,15.03
2019-01-26,51.68,15.078
2019-01-27,51.72,15.109
2019-01-28,51.77,15.149
2019-01-29,51.83,15.197
2019-01-30,51.86,15.221
2019-01-31,51.92,15.268
2019-02-01,51.97,15.308
2019-02-02,52.02,15.348
2019-02-03,52.06,15.38
2019-02-04,52.09,15.404
2019-02-05,52.11,15.42
2019-02-06,52.12,15.428
2019-02-07,52.09,15.404
2019-02-08,52.05,15.372
2019-02-09,52.01,15.34
2019-02-10,51.96,15.3
2019-02-11,52.01,15.332
2019-02-12,52.13,15.428
2019-02-13,52.18,15.476
2019-02-14,52.19,15.484
2019-02-15,52.19,15.484
2019-02-16,52.17,15.468
2019-02-17,52.15,15.452
2019-02-18,52.13,15.436
2019-02-19,52.13,15.436
2019-02-20,52.19,15.484
2019-02-21,52.27,15.549
2019-02-22,52.34,15.605
2019-02-23,52.41,15.662
2019-02-24,52.44,15.686
2019-02-25,52.47,15.71
2019-02-26,52.54,15.767
2019-02-27,52.64,15.848
2019-02-28,52.7,15.897
2019-03-01,52.76,15.946
2019-03-02,52.8,15.978
2019-03-03,52.83,16.003
2019-03-04,52.85,16.019
2019-03-05,52.93,16.084
2019-03-06,53,16.142
2019-03-07,53.04,16.174
2019-03-08,53.06,16.191
2019-03-09,53.07,16.199
2019-03-10,53.08,16.207
2019-03-11,53.13,16.24
2019-03-12,53.17,16.281
2019-03-13,53.19,16.298
2019-03-14,53.22,16.331
2019-03-15,53.29,16.372
2019-03-16,53.33,16.413
2019-03-17,53.51,16.562
2019-03-18,53.6,16.637
2019-03-19,53.55,16.595
2019-03-20,53.48,16.537
2019-03-21,53.44,16.504
2019-03-22,53.43,16.496
2019-03-23,53.47,16.529
2019-03-24,53.5,16.554
2019-03-25,53.52,16.571
2019-03-26,53.54,16.587
2019-03-27,53.54,16.587
2019-03-28,53.54,16.587
2019-03-29,53.51,16.562
2019-03-30,53.5,16.554
2019-03-31,53.51,16.562
2019-04-01,53.53,16.579
2019-04-02,53.54,16.587
2019-04-03,53.55,16.595
2019-04-04,53.57,16.612
2019-04-05,53.57,16.612
2019-04-06,53.58,16.62
2019-04-07,53.57,16.612
2019-04-08,53.56,16.604
2019-04-09,53.55,16.595
2019-04-10,53.52,16.571
2019-04-11,53.49,16.546
2019-04-12,53.44,16.504
2019-04-13,53.4,16.471
2019-04-14,53.35,16.43
2019-04-15,53.3,16.388
2019-04-16,53.24,16.339
2019-04-17,53.15,16.265
2019-04-18,53.06,16.199
2019-04-19,52.97,16.125
2019-04-20,52.88,16.043
2019-04-21,52.79,15.97
2019-04-22,52.69,15.889
2019-04-23,52.59,15.807
2019-04-24,52.5,15.734
2019-04-25,52.46,15.702
2019-04-26,52.4,15.662
2019-04-27,52.36,15.621
2019-04-28,52.33,15.597
2019-04-29,52.3,15.573
2019-04-30,52.26,15.541
2019-05-01,52.23,15.517
2019-05-02,52.19,15.484
2019-05-03,52.15,15.452
2019-05-04,52.1,15.412
2019-05-05,52.08,15.396
2019-05-06,52.04,15.364
2019-05-07,51.99,15.324
2019-05-08,51.94,15.284
2019-05-09,51.9,15.252
2019-05-10,51.86,15.221
2019-05-11,51.82,15.189
2019-05-12,51.82,15.189
2019-05-13,51.8,15.173
2019-05-14,51.76,15.141
2019-05-15,51.72,15.109
2019-05-16,51.68,15.078
2019-05-17,51.62,15.03
2019-05-18,51.55,14.975
2019-05-19,51.54,14.967
2019-05-20,51.54,14.967
2019-05-21,51.67,15.062
2019-05-22,51.79,15.165
2019-05-23,51.8,15.173
2019-05-24,51.77,15.149
2019-05-25,51.75,15.133
2019-05-26,51.7,15.093
2019-05-27,51.62,15.03
2019-05-28,51.56,14.983
2019-05-29,51.49,14.927
2019-05-30,51.43,14.888
2019-05-31,51.37,14.841
2019-06-01,51.3,14.768
2019-06-02,51.22,14.715
2019-06-03,51.12,14.637
2019-06-04,51.05,14.582
2019-06-05,50.97,14.528
2019-06-06,50.91,14.473
2019-06-07,50.88,14.45
2019-06-08,50.85,14.427
2019-06-09,50.82,14.404
2019-06-10,50.79,14.38
2019-06-11,50.77,14.365
2019-06-12,50.74,14.342
2019-06-13,50.46,14.134
2019-06-14,50.41,14.096
2019-06-15,50.36,14.05
2019-06-16,50.31,14.011
2019-06-17,50.27,13.981
2019-06-18,50.21,13.935
2019-06-19,50.15,13.889
2019-06-20,50.09,13.844
2019-06-21,50.04,13.814
2019-06-22,49.99,13.768
2019-06-23,49.92,13.715
2019-06-24,49.86,13.67
2019-06-25,49.78,13.61
2019-06-26,49.71,13.557
2019-06-27,49.63,13.497
2019-06-28,49.54,13.43
2019-06-29,49.46,13.37
2019-06-30,49.38,13.31
2019-07-01,49.3,13.251
2019-07-02,49.22,13.192
2019-07-03,49.14,13.132
2019-07-04,49.06,13.073
2019-07-05,48.98,13.015
2019-07-06,48.9,12.956
2019-07-07,48.82,12.897
2019-07-08,48.74,12.846
2019-07-09,48.67,12.788
2019-07-10,48.59,12.729
2019-07-11,48.52,12.679
2019-07-12,48.45,12.628
2019-07-13,48.41,12.599
2019-07-14,48.35,12.556
2019-07-15,48.28,12.505
2019-07-16,48.21,12.455
2019-07-17,48.14,12.405
2019-07-18,48.06,12.347
2019-07-19,47.99,12.298
2019-07-20,47.91,12.241
2019-07-21,47.84,12.191
2019-07-22,47.76,12.134
2019-07-23,47.68,12.077
2019-07-24,47.6,12.021
2019-07-25,47.51,11.958
2019-07-26,47.42,11.895
2019-07-27,47.33,11.832
2019-07-28,47.24,11.769
2019-07-29,47.16,11.72
2019-07-30,47.09,11.665
2019-07-31,47,11.602
2019-08-01,46.92,11.547
2019-08-02,46.84,11.492
2019-08-03,46.76,11.437
2019-08-04,46.68,11.382
2019-08-05,46.6,11.328
2019-08-06,46.52,11.273
2019-08-07,46.43,11.212
2019-08-08,46.36,11.172
2019-08-09,46.29,11.117
2019-08-10,46.24,11.084
2019-08-11,46.17,11.037
2019-08-12,46.1,10.99
2019-08-13,46.03,10.943
2019-08-14,45.95,10.889
2019-08-15,45.87,10.836
2019-08-16,45.81,10.796
2019-08-17,45.74,10.75
2019-08-18,45.67,10.704
2019-08-19,45.62,10.671
2019-08-20,45.54,10.618
2019-08-21,45.47,10.572
2019-08-22,45.39,10.52
2019-08-23,45.3,10.461
2019-08-24,45.21,10.402
2019-08-25,45.13,10.35
2019-08-26,45.05,10.299
2019-08-27,44.98,10.253
2019-08-28,44.91,10.208
2019-08-29,44.84,10.164
2019-08-30,44.81,10.144
2019-08-31,44.75,10.106
2019-09-01,44.68,10.061
2019-09-02,44.62,10.023
2019-09-03,44.55,9.979
2019-09-04,44.51,9.953
2019-09-05,44.44,9.909
2019-09-06,44.4,9.884
2019-09-07,44.33,9.84
2019-09-08,44.26,9.796
2019-09-09,44.2,9.758
2019-09-10,44.17,9.74
2019-09-11,44.11,9.702
2019-09-12,44.03,9.652
2019-09-13,43.96,9.609
2019-09-14,43.89,9.566
2019-09-15,43.82,9.522
2019-09-16,43.74,9.473
2019-09-17,43.67,9.43
2019-09-18,43.59,9.381
2019-09-19,43.51,9.333
2019-09-20,43.44,9.29
2019-09-21,43.36,9.242
2019-09-22,43.29,9.199
2019-09-23,43.21,9.151
2019-09-24,43.14,9.109
2019-09-25,43.06,9.061
2019-09-26,43,9.025
2019-09-27,42.93,8.984
2019-09-28,42.89,8.96
2019-09-29,42.85,8.936
2019-09-30,42.79,8.901
2019-10-01,42.73,8.865
2019-10-02,42.69,8.842
2019-10-03,42.64,8.812
2019-10-04,42.6,8.789
2019-10-05,42.61,8.795
2019-10-06,42.67,8.83
2019-10-07,42.73,8.865
2019-10-08,42.77,8.889
2019-10-09,42.82,8.919
2019-10-10,42.99,9.014
2019-10-11,43.21,9.145
2019-10-12,43.39,9.26
2019-10-13,43.54,9.351
2019-10-14,43.66,9.424
2019-10-15,43.74,9.467
2019-10-16,43.85,9.541
2019-10-17,43.98,9.621
2019-10-18,43.97,9.615
2019-10-19,43.97,9.615
2019-10-20,43.96,9.609
2019-10-21,43.95,9.603
2019-10-22,43.92,9.584
2019-10-23,43.89,9.566
2019-10-24,43.86,9.547
2019-10-25,43.82,9.522
2019-10-26,43.79,9.504
2019-10-27,43.74,9.473
2019-10-28,43.72,9.461
2019-10-29,43.68,9.436
2019-10-30,43.61,9.394
2019-10-31,43.54,9.351
2019-11-01,43.49,9.32
2019-11-02,43.47,9.308
2019-11-03,43.46,9.302
2019-11-04,43.48,9.314
2019-11-05,43.48,9.314
2019-11-06,43.49,9.32
2019-11-07,43.53,9.345
2019-11-08,43.56,9.363
2019-11-09,43.63,9.406
2019-11-10,43.71,9.455
2019-11-11,43.82,9.522
2019-11-12,43.91,9.578
2019-11-13,44.01,9.634
2019-11-14,44.09,9.69
2019-11-15,44.16,9.733
2019-11-16,44.24,9.783
2019-11-17,44.3,9.821
2019-11-18,44.36,9.859
2019-11-19,44.4,9.884
2019-11-20,44.44,9.909
2019-11-21,44.47,9.928
2019-11-22,44.51,9.947
2019-11-23,44.53,9.966
2019-11-24,44.56,9.985
2019-11-25,44.59,10.004
2019-11-26,44.61,10.017
2019-11-27,44.62,10.023
2019-11-28,44.64,10.036
2019-11-29,44.67,10.055
2019-11-30,44.75,10.106
2019-12-01,44.83,10.157
2019-12-02,44.92,10.215
2019-12-03,44.99,10.26
2019-12-04,45.07,10.312
2019-12-05,45.13,10.35
2019-12-06,45.18,10.383
2019-12-07,45.24,10.422
2019-12-08,45.31,10.467
2019-12-09,45.39,10.52
2019-12-10,45.5,10.592
2019-12-11,45.63,10.677
2019-12-12,45.78,10.776
2019-12-13,45.95,10.889
2019-12-14,46.13,11.01
2019-12-15,46.31,11.131
2019-12-16,46.56,11.294
2019-12-17,46.88,11.513
2019-12-18,47.21,11.741
2019-12-19,47.54,11.972
2019-12-20,47.81,12.169
2019-12-21,48.06,12.34
2019-12-22,48.28,12.498
2019-12-23,48.46,12.635
2019-12-24,48.57,12.708
2019-12-25,48.67,12.788
2019-12-26,48.84,12.912
2019-12-27,48.98,13.015
2019-12-28,49.14,13.125
2019-12-29,49.26,13.221
2019-12-30,49.35,13.288
2019-12-31,49.43,13.348
2020-01-01,49.51,13.407
2020-01-02,49.58,13.46
2020-01-03,49.65,13.512
2020-01-04,49.71,13.557
2020-01-05,49.77,13.602
2020-01-06,49.8,13.625
2020-01-07,49.81,13.632
2020-01-08,49.84,13.655
2020-01-09,49.86,13.67
2020-01-10,49.94,13.73
2020-01-11,50.13,13.874
2020-01-12,50.33,14.027
2020-01-13,50.54,14.188
2020-01-14,50.72,14.326
2020-01-15,50.86,14.435
2020-01-16,50.96,14.512
2020-01-17,51.04,14.575
2020-01-18,51.09,14.614
2020-01-19,51.13,14.645
2020-01-20,51.16,14.668
2020-01-21,51.17,14.676
2020-01-22,51.2,14.7
2020-01-23,51.22,14.715
2020-01-24,51.23,14.723
2020-01-25,51.23,14.723
2020-01-26,51.23,14.723
2020-01-27,51.23,14.723
2020-01-28,51.25,14.739
2020-01-29,51.27,14.754
2020-01-30,51.28,14.762
2020-01-31,51.28,14.762
2020-02-01,51.31,14.786
2020-02-02,51.41,14.864
2020-02-03,51.58,14.998
2020-02-04,51.85,15.213
2020-02-05,52.11,15.412
2020-02-06,52.3,15.573
2020-02-07,52.47,15.702
2020-02-08,52.54,15.767
2020-02-09,52.56,15.783
2020-02-10,52.58,15.799
2020-02-11,52.61,15.824
2020-02-12,52.61,15.824
2020-02-13,52.61,15.824
2020-02-14,52.61,15.824
2020-02-15,52.6,15.815
2020-02-16,52.57,15.791
2020-02-17,52.54,15.767
2020-02-18,52.57,15.791
2020-02-19,52.65,15.856
2020-02-20,52.73,15.921
2020-02-21,52.82,15.994
2020-02-22,52.86,16.027
2020-02-23,52.89,16.052
2020-02-24,52.97,16.117
2020-02-25,53.02,16.158
2020-02-26,53.07,16.199
2020-02-27,53.03,16.166
2020-02-28,53.05,16.183
2020-02-29,53.11,16.232
2020-03-01,53.16,16.273
2020-03-02,53.23,16.331
2020-03-03,53.32,16.405
2020-03-04,53.43,16.496
2020-03-05,53.46,16.521
2020-03-06,53.47,16.529
2020-03-07,53.56,16.604
2020-03-08,53.63,16.662
2020-03-09,53.7,16.72
2020-03-10,53.77,16.779
2020-03-11,53.81,16.812
2020-03-12,54.04,17.005
2020-03-13,54.18,17.123
2020-03-14,54.23,17.165
2020-03-15,54.3,17.224
2020-03-16,54.36,17.275
2020-03-17,54.41,17.317
2020-03-18,54.41,17.317
2020-03-19,54.42,17.326
2020-03-20,54.41,17.317
2020-03-21,54.4,17.309
2020-03-22,54.39,17.3
2020-03-23,54.37,17.283
2020-03-24,54.34,17.258
2020-03-25,54.33,17.25
2020-03-26,54.32,17.241
2020-03-27,54.3,17.224
2020-03-28,54.28,17.204
2020-03-29,54.26,17.19
2020-03-30,54.25,17.182
2020-03-31,54.21,17.148
2020-04-01,54.18,17.123
2020-04-02,54.15,17.098
2020-04-03,54.16,17.106
2020-04-04,54.17,17.114
2020-04-05,54.18,17.123
2020-04-06,54.18,17.123
2020-04-07,54.18,17.123
2020-04-08,54.18,17.123
2020-04-09,54.16,17.106
2020-04-10,54.14,17.089
2020-04-11,54.13,17.081
2020-04-12,54.12,17.072
2020-04-13,54.1,17.055
2020-04-14,54.09,17.047
2020-04-15,54.07,17.03
2020-04-16,54.05,17.013
2020-04-17,54.01,16.98
2020-04-18,53.98,16.955
2020-04-19,53.96,16.938
2020-04-20,53.93,16.913
2020-04-21,53.9,16.887
2020-04-22,53.87,16.862
2020-04-23,53.83,16.829
2020-04-24,53.79,16.795
2020-04-25,53.75,16.762
2020-04-26,53.71,16.729
2020-04-27,53.67,16.695
2020-04-28,53.63,16.662
2020-04-29,53.59,16.629
2020-04-30,53.55,16.595
2020-05-01,53.52,16.571
2020-05-02,53.5,16.554
2020-05-03,53.49,16.546
2020-05-04,53.47,16.529
2020-05-05,53.43,16.496
2020-05-06,53.39,16.463
2020-05-07,53.34,16.421
2020-05-08,53.29,16.38
2020-05-09,53.23,16.331
2020-05-10,53.18,16.29
2020-05-11,53.13,16.248
2020-05-12,53.13,16.248
2020-05-13,53.1,16.224
2020-05-14,53.06,16.191
2020-05-15,53.02,16.158
2020-05-16,52.97,16.117
2020-05-17,52.93,16.084
2020-05-18,52.88,16.043
2020-05-19,52.82,15.994
2020-05-20,52.76,15.946
2020-05-21,52.7,15.897
2020-05-22,52.64,15.848
2020-05-23,52.6,15.815
2020-05-24,52.55,15.775
2020-05-25,52.5,15.734
2020-05-26,52.45,15.694
2020-05-27,52.39,15.645
2020-05-28,52.33,15.597
2020-05-29,52.26,15.541
2020-05-30,52.2,15.492
2020-05-31,52.13,15.436
2020-06-01,52.08,15.396
2020-06-02,52.01,15.34
2020-06-03,51.93,15.276
2020-06-04,51.86,15.221
2020-06-05,51.81,15.181
2020-06-06,51.76,15.141
2020-06-07,51.72,15.109
2020-06-08,51.66,15.062
2020-06-09,51.6,15.014
2020-06-10,51.55,14.975
2020-06-11,51.5,14.935
2020-06-12,51.44,14.888
2020-06-13,51.38,14.841
2020-06-14,51.34,14.809
2020-06-15,51.31,14.786
2020-06-16,51.28,14.762
2020-06-17,51.24,14.731
2020-06-18,51.2,14.7
2020-06-19,51.16,14.668
2020-06-20,51.11,14.629
2020-06-21,51.07,14.598
2020-06-22,51.02,14.559
2020-06-23,50.96,14.512
2020-06-24,50.9,14.466
2020-06-25,50.84,14.419
2020-06-26,50.78,14.373
2020-06-27,50.72,14.326
2020-06-28,50.68,14.295
2020-06-29,50.62,14.249
2020-06-30,50.58,14.218
2020-07-01,50.53,14.203
2020-07-02,50.48,14.142
2020-07-03,50.44,14.111
2020-07-04,50.41,14.088
2020-07-05,50.36,14.05
2020-07-06,50.32,14.019
2020-07-07,50.27,13.981
2020-07-08,50.2,13.927
2020-07-09,50.15,13.889
2020-07-10,50.06,13.821
2020-07-11,49.99,13.768
2020-07-12,49.93,13.723
2020-07-13,49.85,13.662
2020-07-14,49.77,13.602
2020-07-15,49.69,13.542
2020-07-16,49.63,13.497
2020-07-17,49.56,13.445
2020-07-18,49.49,13.392
2020-07-19,49.42,13.34
2020-07-20,49.34,13.281
2020-07-21,49.27,13.229
2020-07-22,49.19,13.169
2020-07-23,49.11,13.11
2020-07-24,49.02,13.044
2020-07-25,48.94,12.985
2020-07-26,48.86,12.926
2020-07-27,48.8,12.883
2020-07-28,48.72,12.824
2020-07-29,48.65,12.773
2020-07-30,48.57,12.715
2020-07-31,48.49,12.657
2020-08-01,48.4,12.592
2020-08-02,48.33,12.541
2020-08-03,48.27,12.498
2020-08-04,48.21,12.455
2020-08-05,48.14,12.405
2020-08-06,48.07,12.355
2020-08-07,47.98,12.29
2020-08-08,47.9,12.233
2020-08-09,47.81,12.169
2020-08-10,47.73,12.113
2020-08-11,47.67,12.07
2020-08-12,47.59,12.014
2020-08-13,47.52,11.965
2020-08-14,47.45,11.916
2020-08-15,47.41,11.888
2020-08-16,47.36,11.853
2020-08-17,47.3,11.811
2020-08-18,47.24,11.769
2020-08-19,47.17,11.72
2020-08-20,47.1,11.672
2020-08-21,47.02,11.616
2020-08-22,46.95,11.568
2020-08-23,46.89,11.526
2020-08-24,46.82,11.478
2020-08-25,46.75,11.43
2020-08-26,46.68,11.382
2020-08-27,46.6,11.328
2020-08-28,46.52,11.273
2020-08-29,46.46,11.232
2020-08-30,46.39,11.185
2020-08-31,46.35,11.158
2020-09-01,46.29,11.117
2020-09-02,46.22,11.07
2020-09-03,46.14,11.016
2020-09-04,46.06,10.963
2020-09-05,45.97,10.903
2020-09-06,45.9,10.856
2020-09-07,45.83,10.81
2020-09-08,45.75,10.756
2020-09-09,45.66,10.697
2020-09-10,45.58,10.644
2020-09-11,45.49,10.585
2020-09-12,45.41,10.533
2020-09-13,45.33,10.48
2020-09-14,45.24,10.422
2020-09-15,45.15,10.363
2020-09-16,45.06,10.305
2020-09-17,44.97,10.247
2020-09-18,44.88,10.189
2020-09-19,44.79,10.132
2020-09-20,44.71,10.08
2020-09-21,44.62,10.023
2020-09-22,44.53,9.966
2020-09-23,44.44,9.909
2020-09-24,44.35,9.852
2020-09-25,44.27,9.802
2020-09-26,44.19,9.752
2020-09-27,44.13,9.715
2020-09-28,44.06,9.671
2020-09-29,43.98,9.621
2020-09-30,43.9,9.572
2020-10-01,43.81,9.516
2020-10-02,43.72,9.461
2020-10-03,43.62,9.4
2020-10-04,43.54,9.351
2020-10-05,43.45,9.296
2020-10-06,43.36,9.242
2020-10-07,43.29,9.199
2020-10-08,43.22,9.157
2020-10-09,43.15,9.115
2020-10-10,43.11,9.091
2020-10-11,43.05,9.055
2020-10-12,42.99,9.019
2020-10-13,42.91,8.972
2020-10-14,42.83,8.924
2020-10-15,42.81,8.913
2020-10-16,42.87,8.948
2020-10-17,42.97,9.008
2020-10-18,43.07,9.067
2020-10-19,43.13,9.103
2020-10-20,43.16,9.121
2020-10-21,43.18,9.133
2020-10-22,43.18,9.133
2020-10-23,43.19,9.139
2020-10-24,43.2,9.145
2020-10-25,43.21,9.151
2020-10-26,43.21,9.151
2020-10-27,43.22,9.157
2020-10-28,43.23,9.163
2020-10-29,43.29,9.199
2020-10-30,43.29,9.199
2020-10-31,43.33,9.223
2020-11-01,43.37,9.248
2020-11-02,43.44,9.29
2020-11-03,43.52,9.339
2020-11-04,43.6,9.387
2020-11-05,43.68,9.436
2020-11-06,43.74,9.473
2020-11-07,43.81,9.516
2020-11-08,43.88,9.559
2020-11-09,43.95,9.603
2020-11-10,44,9.634
2020-11-11,44.03,9.652
2020-11-12,44.04,9.659
2020-11-13,44.04,9.659
2020-11-14,44.04,9.659
2020-11-15,44.02,9.646
2020-11-16,44.02,9.646
2020-11-17,44.01,9.641
2020-11-18,44,9.634
2020-11-19,43.96,9.609
2020-11-20,43.92,9.584
2020-11-21,43.86,9.547
2020-11-22,43.81,9.516
2020-11-23,43.76,9.486
2020-11-24,43.71,9.455
2020-11-25,43.66,9.424
2020-11-26,43.63,9.406
2020-11-27,43.61,9.394
2020-11-28,43.59,9.381
2020-11-29,43.57,9.369
2020-11-30,43.56,9.363
2020-12-01,43.53,9.345
2020-12-02,43.5,9.327
2020-12-03,43.48,9.314
2020-12-04,43.44,9.29
2020-12-05,43.42,9.278
2020-12-06,43.39,9.26
2020-12-07,43.36,9.242
2020-12-08,43.33,9.223
2020-12-09,43.28,9.193
2020-12-10,43.24,9.169
2020-12-11,43.21,9.151
2020-12-12,43.16,9.121
2020-12-13,43.11,9.091
2020-12-14,43.08,9.073
2020-12-15,43.03,9.043
2020-12-16,42.99,9.019
2020-12-17,42.94,8.99
2020-12-18,42.9,8.966
2020-12-19,42.85,8.936
2020-12-20,42.81,8.913
2020-12-21,42.76,8.883
2020-12-22,42.72,8.86
2020-12-23,42.71,8.854
2020-12-24,42.76,8.883
2020-12-25,42.86,8.942
2020-12-26,42.97,9.008
2020-12-27,43.11,9.091
2020-12-28,43.25,9.175
2020-12-29,43.37,9.248
2020-12-30,43.49,9.32
2020-12-31,43.58,9.375
2021-01-01,43.65,9.418
2021-01-02,43.71,9.455
2021-01-03,43.76,9.486
2021-01-04,43.79,9.504
2021-01-05,43.81,9.516
2021-01-06,43.84,9.535
2021-01-07,43.85,9.541
2021-01-08,43.86,9.547
2021-01-09,43.87,9.553
2021-01-10,43.87,9.553
2021-01-11,43.86,9.547
2021-01-12,43.85,9.541
2021-01-13,43.84,9.535
2021-01-14,43.82,9.522
2021-01-15,43.81,9.516
2021-01-16,43.78,9.498
2021-01-17,43.76,9.486
2021-01-18,43.73,9.467
2021-01-19,43.7,9.449
2021-01-20,43.69,9.443
2021-01-21,43.67,9.43
2021-01-22,43.65,9.418
2021-01-23,43.7,9.449
2021-01-24,43.75,9.479
2021-01-25,43.79,9.504
2021-01-26,43.85,9.541
2021-01-27,43.88,9.559
2021-01-28,43.9,9.572
2021-01-29,43.94,9.597
2021-01-30,44.16,9.733
2021-01-31,44.57,9.991
2021-02-01,45.01,10.273
2021-02-02,45.39,10.52
2021-02-03,45.68,10.71
2021-02-04,46.26,11.097
2021-02-05,47.26,11.783
2021-02-06,48.01,12.312
2021-02-07,48.62,12.751
2021-02-08,49.08,13.088
2021-02-09,49.41,13.333
2021-02-10,49.65,13.512
2021-02-11,49.83,13.647
2021-02-12,49.99,13.768
2021-02-13,50.14,13.882
2021-02-14,50.27,13.981
2021-02-15,50.38,14.065
2021-02-16,50.41,14.088
2021-02-17,50.45,14.119
2021-02-18,50.46,14.126
2021-02-19,50.45,14.119
2021-02-20,50.45,14.119
2021-02-21,50.46,14.126
2021-02-22,50.52,14.172
2021-02-23,50.73,14.334
2021-02-24,51.01,14.551
2021-02-25,51.39,14.849
2021-02-26,51.83,15.197
2021-02-27,52.24,15.525
2021-02-28,52.56,15.783
2021-03-01,52.8,15.978
2021-03-02,53.04,16.174
2021-03-03,53.24,16.339
2021-03-04,53.4,16.471
2021-03-05,53.57,16.612
2021-03-06,53.72,16.737
2021-03-07,53.85,16.846
2021-03-08,53.97,16.946
2021-03-09,54.01,16.98
2021-03-10,54.04,17.005
2021-03-11,54.04,17.005
2021-03-12,54.02,16.988
2021-03-13,53.99,16.963
2021-03-14,53.98,16.955
2021-03-15,53.95,16.929
2021-03-16,53.93,16.913
2021-03-17,53.94,16.921
2021-03-18,53.98,16.955
2021-03-19,54.01,16.98
2021-03-20,54.03,16.997
2021-03-21,54.04,17.005
2021-03-22,54.05,17.013
2021-03-23,54.05,17.013
2021-03-24,54.06,17.022
2021-03-25,54.07,17.03
2021-03-26,54.08,17.039
2021-03-27,54.09,17.047
2021-03-28,54.11,17.064
2021-03-29,54.12,17.072
2021-03-30,54.13,17.081
2021-03-31,54.16,17.106
2021-04-01,54.22,17.157
2021-04-02,54.29,17.216
2021-04-03,54.34,17.258
2021-04-04,54.37,17.283
2021-04-05,54.4,17.309
2021-04-06,54.37,17.283
2021-04-07,54.36,17.275
2021-04-08,54.33,17.25
2021-04-09,54.3,17.224
2021-04-10,54.25,17.182
2021-04-11,54.22,17.157
2021-04-12,54.19,17.131
2021-04-13,54.19,17.131
2021-04-14,54.2,17.14
2021-04-15,54.23,17.165
2021-04-16,54.26,17.19
2021-04-17,54.29,17.216
2021-04-18,54.33,17.25
2021-04-19,54.37,17.283
2021-04-20,54.39,17.3
2021-04-21,54.42,17.326
2021-04-22,54.43,17.334
2021-04-23,54.42,17.326
2021-04-24,54.4,17.309
2021-04-25,54.4,17.309
2021-04-26,54.38,17.292
2021-04-27,54.36,17.275
2021-04-28,54.34,17.258
2021-04-29,54.32,17.241
2021-04-30,54.32,17.224
2021-05-01,54.28,17.207
2021-05-02,54.28,17.207
2021-05-03,54.26,17.19
2021-05-04,54.23,17.165
2021-05-05,54.21,17.148
2021-05-06,54.2,17.14
2021-05-07,54.17,17.114
2021-05-08,54.16,17.106
2021-05-09,54.13,17.081
2021-05-10,54.09,17.047
2021-05-11,54.05,17.013
2021-05-12,54.02,16.988
2021-05-13,54.01,16.98
2021-05-14,53.99,16.963
2021-05-15,53.97,16.946
2021-05-16,53.95,16.929
2021-05-17,53.93,16.913
2021-05-18,53.91,16.896
2021-05-19,53.9,16.887
2021-05-20,53.88,16.871
2021-05-21,53.85,16.846
2021-05-22,53.83,16.829
2021-05-23,53.81,16.812
2021-05-24,53.79,16.795
2021-05-25,53.76,16.77
2021-05-26,53.73,16.745
2021-05-27,53.73,16.745
2021-05-28,53.72,16.737
2021-05-29,53.71,16.729
2021-05-30,53.7,16.72
2021-05-31,53.68,16.704
2021-06-01,53.65,16.679
2021-06-02,53.62,16.654
2021-06-03,53.59,16.629
2021-06-04,53.55,16.595
2021-06-05,53.55,16.595
2021-06-06,53.55,16.595
2021-06-07,53.55,16.595
2021-06-08,53.54,16.587
2021-06-09,53.54,16.587
2021-06-10,53.58,16.62
2021-06-11,53.62,16.654
2021-06-12,53.66,16.687
2021-06-13,53.68,16.704
2021-06-14,53.69,16.712
2021-06-15,53.69,16.712
2021-06-16,53.67,16.695
2021-06-17,53.65,16.679
2021-06-18,53.62,16.654
2021-06-19,53.58,16.62
2021-06-20,53.54,16.587
2021-06-21,53.54,16.587
2021-06-22,53.52,16.571
2021-06-23,53.5,16.554
2021-06-24,53.47,16.529
2021-06-25,53.45,16.513
2021-06-26,53.43,16.496
2021-06-27,53.41,16.479
2021-06-28,53.38,16.455
2021-06-29,53.35,16.43
2021-06-30,53.32,16.405
2021-07-01,53.29,16.38
2021-07-02,53.26,16.355
2021-07-03,53.23,16.331
2021-07-04,53.2,16.306
2021-07-05,53.18,16.29
2021-07-06,53.15,16.265
2021-07-07,53.12,16.24
2021-07-08,53.09,16.215
2021-07-09,53.06,16.191
2021-07-10,53.07,16.191
2021-07-11,53.06,16.191
2021-07-12,53.05,16.183
2021-07-13,53.03,16.166
2021-07-14,53.08,16.207
2021-07-15,53.12,16.24
2021-07-16,53.18,16.29
2021-07-17,53.22,16.322
2021-07-18,53.26,16.355
2021-07-19,53.29,16.38
2021-07-20,53.3,16.388
2021-07-21,53.3,16.388
2021-07-22,53.3,16.388
2021-07-23,53.3,16.388
2021-07-24,53.29,16.388
2021-07-25,53.28,16.372
2021-07-26,53.27,16.364
2021-07-27,53.26,16.355
2021-07-28,53.24,16.339
2021-07-29,53.22,16.322
2021-07-30,53.2,16.306
2021-07-31,53.17,16.281
2021-08-01,53.14,16.257
2021-08-02,53.12,16.24
2021-08-03,53.11,16.232
2021-08-04,53.08,16.207
2021-08-05,53.05,16.183
2021-08-06,53.03,16.166
2021-08-07,53.01,16.15
2021-08-08,53.01,16.15
2021-08-09,52.95,16.101
2021-08-10,52.91,16.068
2021-08-11,52.89,16.052
2021-08-12,52.85,16.019
2021-08-13,52.81,15.986
2021-08-14,52.76,15.946
2021-08-15,52.73,15.921
2021-08-16,52.68,15.88
2021-08-17,52.64,15.848
2021-08-18,52.6,15.815
2021-08-19,52.56,15.783
2021-08-20,52.52,15.751
2021-08-21,52.48,15.718
2021-08-22,52.44,15.686
2021-08-23,52.41,15.662
2021-08-24,52.39,15.645
2021-08-25,52.34,15.605
2021-08-26,52.3,15.573
2021-08-27,52.01,15.34
2021-08-28,51.98,15.316
2021-08-29,51.96,15.3
2021-08-30,51.99,15.324
2021-08-31,52.11,15.42
2021-09-01,52.29,15.565
2021-09-02,52.44,15.686
2021-09-03,52.55,15.775
2021-09-04,52.63,15.84
2021-09-05,52.69,15.889
2021-09-06,52.73,15.921
2021-09-07,52.76,15.946
2021-09-08,52.77,15.954
2021-09-09,52.72,15.913
2021-09-10,52.67,15.872
2021-09-11,52.61,15.824
2021-09-12,52.54,15.767
2021-09-13,52.47,15.71
2021-09-14,52.39,15.645
2021-09-15,52.31,15.581
2021-09-16,52.24,15.525
2021-09-17,52.17,15.468
2021-09-18,52.08,15.396
2021-09-19,52,15.332
2021-09-20,51.91,15.26
2021-09-21,51.82,15.189
2021-09-22,51.72,15.109
2021-09-23,51.62,15.03
2021-09-24,51.53,14.959
2021-09-25,51.43,14.88
2021-09-26,51.33,14.801
2021-09-27,51.24,14.731
2021-09-28,51.14,14.653
2021-09-29,51.04,14.575
2021-09-30,50.94,14.497
2021-10-01,50.84,14.419
2021-10-02,50.74,14.342
2021-10-03,50.63,14.257
2021-10-04,50.53,14.184
2021-10-05,50.42,14.098
2021-10-06,50.33,14.03
2021-10-07,50.24,13.962
2021-10-08,50.12,13.872
2021-10-09,50,13.783
2021-10-10,49.89,13.698
2021-10-11,49.78,13.614
2021-10-12,49.68,13.537
2021-10-13,49.58,13.461
2021-10-14,49.48,13.385
2021-10-15,49.37,13.303
2021-10-16,49.32,13.266
2021-10-17,49.27,13.228
2021-10-18,49.22,13.192
2021-10-19,49.16,13.147
2021-10-20,49.1,13.102
2021-10-21,49.05,13.066
2021-10-22,49,13.029
2021-10-23,48.97,13.007
2021-10-24,48.93,12.976
2021-10-25,48.88,12.941
2021-10-26,48.83,12.904
2021-10-27,48.77,12.861
2021-10-28,48.72,12.824
2021-10-29,48.67,12.788
2021-10-30,48.61,12.744
2021-10-31,48.57,12.715
2021-11-01,48.53,12.686
2021-11-02,48.48,12.65
2021-11-03,48.44,12.621
2021-11-04,48.4,12.592
2021-11-05,48.4,12.592
2021-11-06,48.39,12.585
2021-11-07,48.37,12.57
2021-11-08,48.35,12.556
2021-11-09,48.3,12.52
2021-11-10,48.26,12.491
2021-11-11,48.24,12.477
2021-11-12,48.2,12.448
2021-11-13,48.17,12.426
2021-11-14,48.16,12.419
2021-11-15,48.14,12.405
2021-11-16,48.12,12.39
2021-11-17,48.09,12.369
2021-11-18,48.05,12.34
2021-11-19,48.02,12.319
2021-11-20,48,12.305
2021-11-21,47.97,12.283
2021-11-22,47.95,12.269
2021-11-23,47.91,12.241
2021-11-24,47.88,12.219
2021-11-25,47.85,12.198
2021-11-26,47.82,12.177
2021-11-27,47.78,12.148
2021-11-28,47.75,12.127
2021-11-29,47.73,12.113
2021-11-30,47.71,12.009
2021-12-01,47.73,12.113
2021-12-02,47.76,12.134
2021-12-03,47.83,12.184
2021-12-04,47.91,12.241
2021-12-05,47.98,12.29
2021-12-06,48.03,12.326
2021-12-07,48.06,12.347
2021-12-08,48.09,12.369
2021-12-09,48.12,12.39
2021-12-10,48.15,12.412
2021-12-11,48.17,12.426
2021-12-12,48.19,12.441
2021-12-13,48.2,12.448
2021-12-14,48.22,12.462
2021-12-15,48.22,12.462
2021-12-16,48.24,12.477
2021-12-17,48.27,12.498
2021-12-18,48.32,12.534
2021-12-19,48.37,12.57
2021-12-20,48.42,12.606
2021-12-21,48.49,12.657
2021-12-22,48.52,12.679
2021-12-23,48.55,12.7
2021-12-24,48.63,12.759
2021-12-25,48.71,12.817
2021-12-26,48.78,12.868
2021-12-27,48.84,12.912
2021-12-28,48.89,12.948
2021-12-29,48.96,13
2021-12-30,49.1,13.103
2021-12-31,49.36,13.295
2022-01-01,49.63,13.497
2022-01-02,49.98,13.76
2022-01-03,50.25,13.966
2022-01-04,50.6,14.234
2022-01-05,51.04,14.575
2022-01-06,51.6,15.014
2022-01-07,51.87,15.229
2022-01-08,52.08,15.396
2022-01-09,52.19,15.484
2022-01-10,52.3,15.573
2022-01-11,52.36,15.621
2022-01-12,52.36,15.621
2022-01-13,52.37,15.629
2022-01-14,52.37,15.629
2022-01-15,52.36,15.621
2022-01-16,52.32,15.589
2022-01-17,52.32,15.589
2022-01-18,52.28,15.557
2022-01-19,52.24,15.525
2022-01-20,52.21,15.521
2022-01-21,52.17,15.468
2022-01-22,52.12,15.428
2022-01-23,52.07,15.388
2022-01-24,52.02,15.348
2022-01-25,51.97,15.308
2022-01-26,51.92,15.268
2022-01-27,51.87,15.229
2022-01-28,51.82,15.189
2022-01-29,51.77,15.149
2022-01-30,51.75,15.133
2022-01-31,51.72,15.109
2022-02-01,51.7,15.093
2022-02-02,51.69,15.085
2022-02-03,51.69,15.085
2022-02-04,51.69,15.085
2022-02-05,51.73,15.117
2022-02-06,51.77,15.149
2022-02-07,51.89,15.244
2022-02-08,52,15.332
2022-02-09,52.09,15.404
2022-02-10,52.17,15.468
2022-02-11,52.27,15.549
2022-02-12,52.36,15.621
2022-02-13,52.44,15.686
2022-02-14,52.51,15.742
2022-02-15,52.55,15.775
2022-02-16,52.59,15.807
2022-02-17,52.6,15.815
2022-02-18,52.65,15.856
2022-02-19,52.6,15.815
2022-02-20,52.5,15.734
2022-02-21,52.5,15.734
2022-02-22,52.53,15.759
2022-02-23,52.59,15.807
2022-02-24,52.62,15.832
2022-02-25,52.64,15.848
2022-02-26,52.6,15.815
2022-02-27,52.51,15.742
2022-02-28,52.4,15.654
2022-03-01,52.45,15.694
2022-03-02,52.48,15.718
2022-03-03,52.55,15.775
2022-03-04,52.59,15.807
2022-03-05,52.6,15.815
2022-03-06,52.59,15.807
2022-03-07,52.59,15.807
2022-03-08,52.64,15.848
2022-03-09,52.69,15.889
2022-03-10,52.72,15.913
2022-03-11,52.75,15.937
2022-03-12,52.8,15.978
2022-03-13,52.85,16.019
2022-03-14,52.88,16.043
2022-03-15,52.92,16.076
2022-03-16,52.96,16.109
2022-03-17,53,16.142
2022-03-18,53.02,16.158
2022-03-19,53.05,16.183
2022-03-20,53.1,16.224
2022-03-21,53.13,16.248
2022-03-22,53.16,16.273
2022-03-23,53.2,16.306
2022-03-24,53.23,16.331
2022-03-25,53.26,16.355
2022-03-26,53.3,16.388
2022-03-27,53.34,16.421
2022-03-28,53.39,16.463
2022-03-29,53.45,16.513
2022-03-30,53.53,16.579
2022-03-31,53.6,16.637
2022-04-01,53.69,16.712
2022-04-02,53.69,16.712
2022-04-03,53.62,16.662
2022-04-04,53.56,16.604
2022-04-05,53.54,16.587
2022-04-06,53.52,16.571
2022-04-07,53.56,16.604
2022-04-08,53.66,16.687
2022-04-09,53.79,16.795
2022-04-10,53.88,16.871
2022-04-11,53.94,16.921
2022-04-12,53.97,16.946
2022-04-13,53.99,16.963
2022-04-14,53.99,16.963
2022-04-15,54,16.971
2022-04-16,53.99,16.963
2022-04-17,53.96,16.938
2022-04-18,53.94,16.921
2022-04-19,53.96,16.938
2022-04-20,53.98,16.955
2022-04-21,54,16.971
2022-04-22,54.06,17.022
2022-04-23,54.12,17.072
2022-04-24,54.19,17.131
2022-04-25,54.27,17.199
2022-04-26,54.33,17.25
2022-04-27,54.38,17.292
2022-04-28,54.38,17.292
2022-04-29,54.37,17.283
2022-04-30,54.38,17.292
2022-05-01,54.38,17.292
2022-05-02,54.37,17.283
2022-05-03,54.38,17.292
2022-05-04,54.38,17.292
2022-05-05,54.38,17.292
2022-05-06,54.37,17.283
2022-05-07,54.37,17.283
2022-05-08,54.36,17.275
2022-05-09,54.34,17.258
2022-05-10,54.31,17.233
2022-05-11,54.29,17.216
2022-05-12,54.25,17.182
2022-05-13,54.22,17.157
2022-05-14,54.18,17.123
2022-05-15,54.15,17.098
2022-05-16,54.11,17.064
2022-05-17,54.09,17.047
2022-05-18,54.07,17.03
2022-05-19,54.03,16.997
2022-05-20,53.99,16.963
2022-05-21,53.96,16.938
2022-05-22,53.94,16.921
2022-05-23,53.9,16.887
2022-05-24,53.87,16.862
2022-05-25,53.84,16.837
2022-05-26,53.79,16.795
2022-05-27,53.76,16.77
2022-05-28,53.73,16.745
2022-05-29,53.69,16.712
2022-05-30,53.65,16.679
2022-05-31,53.6,16.637
2022-06-01,53.56,16.604
2022-06-02,53.51,16.562
2022-06-03,53.46,16.521
2022-06-04,53.41,16.479
2022-06-05,53.36,16.438
2022-06-06,53.32,16.405
2022-06-07,53.29,16.38
2022-06-08,53.24,16.339
2022-06-09,53.18,16.29
2022-06-10,53.12,16.24
2022-06-11,53.06,16.191
2022-06-12,53.01,16.15
2022-06-13,52.94,16.093
2022-06-14,52.87,16.035
2022-06-15,52.81,15.986
2022-06-16,52.73,15.921
2022-06-17,52.66,15.864
2022-06-18,52.58,15.799
2022-06-19,52.5,15.734
2022-06-20,52.43,15.678
2022-06-21,52.36,15.621
2022-06-22,52.29,15.565
2022-06-23,52.21,15.501
2022-06-24,52.13,15.436
2022-06-25,52.05,15.372
2022-06-26,51.98,15.316
2022-06-27,51.91,15.26
2022-06-28,51.83,15.197
2022-06-29,51.76,15.141
2022-06-30,51.68,15.078
2022-07-01,51.6,15.014
2022-07-02,51.54,14.967
2022-07-03,51.48,14.919
2022-07-04,51.4,14.856
2022-07-05,51.31,14.786
2022-07-06,51.21,14.707
2022-07-07,51.13,14.645
2022-07-08,51.07,14.598
2022-07-09,51,14.543
2022-07-10,50.93,14.489
2022-07-11,50.87,14.442
2022-07-12,50.79,14.38
2022-07-13,50.71,14.319
2022-07-14,50.62,14.249
2022-07-15,50.53,14.18
2022-07-16,50.46,14.126
2022-07-17,50.38,14.065
2022-07-18,50.31,14.011
2022-07-19,50.22,13.943
2022-07-20,50.12,13.867
2022-07-21,50.02,13.791
2022-07-22,49.94,13.73
2022-07-23,49.87,13.677
2022-07-24,49.8,13.625
2022-07-25,49.72,13.564
2022-07-26,49.64,13.504
2022-07-27,49.56,13.445
2022-07-28,49.47,13.377
2022-07-29,49.39,13.318
2022-07-30,49.31,13.258
2022-07-31,49.25,13.214
2022-08-01,49.18,13.162
2022-08-02,49.11,13.11
2022-08-03,49.03,13.051
2022-08-04,48.93,12.978
2022-08-05,48.84,12.912
2022-08-06,48.76,12.853
2022-08-07,48.68,12.795
2022-08-08,48.6,12.737
2022-08-09,48.51,12.671
2022-08-10,48.42,12.606
2022-08-11,48.32,12.534
2022-08-12,48.23,12.469
2022-08-13,48.14,12.405
2022-08-14,48.05,12.34
2022-08-15,47.97,12.283
2022-08-16,47.88,12.219
2022-08-17,47.78,12.148
2022-08-18,47.7,12.092
2022-08-19,47.62,12.035
2022-08-20,47.54,11.979
2022-08-21,47.49,11.944
2022-08-22,47.42,11.895
2022-08-23,47.33,11.832
2022-08-24,47.25,11.775
2022-08-25,47.16,11.713
2022-08-26,47.08,11.658
2022-08-27,47,11.602
2022-08-28,46.93,11.554
2022-08-29,46.85,11.499
2022-08-30,46.76,11.437
2022-08-31,46.68,11.382
2022-09-01,46.58,11.314
2022-09-02,46.5,11.26
2022-09-03,46.42,11.205
2022-09-04,46.33,11.144
2022-09-05,46.26,11.097
2022-09-06,46.17,11.037
2022-09-07,46.1,10.99
2022-09-08,46.02,10.936
2022-09-09,45.96,10.896
2022-09-10,45.9,10.856
2022-09-11,45.84,10.816
2022-09-12,45.77,10.77
2022-09-13,45.7,10.723
2022-09-14,45.63,10.677
2022-09-15,45.58,10.644
2022-09-16,45.53,10.611
2022-09-17,45.47,10.572
2022-09-18,45.42,10.539
2022-09-19,45.38,10.513
2022-09-20,45.34,10.487
2022-09-21,45.29,10.454
2022-09-22,45.22,10.409
2022-09-23,45.15,10.363
2022-09-24,45.08,10.318
2022-09-25,45.02,10.279
2022-09-26,44.95,10.234
2022-09-27,44.89,10.196
2022-09-28,44.86,10.176
2022-09-29,44.84,10.164
2022-09-30,44.81,10.144
2022-10-01,44.77,10.119
2022-10-02,44.76,10.112
2022-10-03,44.75,10.106
2022-10-04,44.74,10.1
2022-10-05,44.72,10.087
2022-10-06,44.67,10.055
2022-10-07,44.61,10.017
2022-10-08,44.56,9.985
2022-10-09,44.52,9.96
2022-10-10,44.47,9.928
2022-10-11,44.41,9.89
2022-10-12,44.34,9.846
2022-10-13,44.3,9.821
2022-10-14,44.22,9.771
2022-10-15,44.15,9.727
2022-10-16,44.09,9.69
2022-10-17,44.02,9.646
2022-10-18,43.96,9.609
2022-10-19,43.92,9.584
2022-10-20,43.86,9.547
2022-10-21,43.81,9.516
2022-10-22,43.77,9.492
2022-10-23,43.72,9.461
2022-10-24,43.68,9.436
2022-10-25,43.63,9.406
2022-10-26,43.58,9.375
2022-10-27,43.53,9.345
2022-10-28,43.48,9.314
2022-10-29,43.43,9.284
2022-10-30,43.38,9.254
2022-10-31,43.33,9.223
2022-11-01,43.27,9.187
2022-11-02,43.21,9.151
2022-11-03,43.14,9.109
2022-11-04,43.08,9.073
2022-11-05,43.02,9.037
2022-11-06,42.96,9.002
2022-11-07,42.89,8.96
2022-11-08,42.81,8.913
2022-11-09,42.74,8.871
2022-11-10,42.66,8.824
2022-11-11,42.64,8.812
2022-11-12,42.51,8.736
2022-11-13,42.44,8.696
2022-11-14,42.36,8.649
2022-11-15,42.29,8.609
2022-11-16,42.24,8.58
2022-11-17,42.14,8.522
2022-11-18,42.08,8.488
2022-11-19,42.01,8.448
2022-11-20,41.95,8.413
2022-11-21,41.89,8.379
2022-11-22,41.83,8.345
2022-11-23,41.76,8.306
2022-11-24,41.69,8.266
2022-11-25,41.63,8.232
2022-11-26,41.6,8.216
2022-11-27,41.55,8.188
2022-11-28,41.52,8.171
2022-11-29,41.48,8.149
2022-11-30,41.44,8.126
2022-12-01,41.39,8.098
2022-12-02,41.34,8.071
2022-12-03,41.31,8.054
2022-12-04,41.26,8.027
2022-12-05,41.21,7.999
2022-12-06,41.18,7.982
2022-12-07,41.16,7.971
2022-12-08,41.13,7.955
2022-12-09,41.11,7.944
2022-12-10,41.07,7.922
2022-12-11,41.02,7.895
2022-12-12,40.97,7.868
2022-12-13,40.91,7.835
2022-12-14,40.83,7.792
2022-12-15,40.76,7.754
2022-12-16,40.71,7.727
2022-12-17,40.66,7.7
2022-12-18,40.6,7.668
2022-12-19,40.55,7.641
2022-12-20,40.5,7.615
2022-12-21,40.43,7.577
2022-12-22,40.41,7.567
2022-12-23,40.59,7.663
2022-12-24,40.98,7.873
2022-12-25,41.53,8.176
2022-12-26,42.06,8.476
2022-12-27,42.51,8.736
2022-12-28,42.76,8.883
2022-12-29,43,9.025
2022-12-30,43.19,9.139
2022-12-31,43.38,9.254
2023-01-01,43.53,9.345
2023-01-02,43.66,9.424
2023-01-03,43.78,9.498
2023-01-04,43.87,9.553
2023-01-05,43.99,9.628
2023-01-06,44.1,9.696
2023-01-07,44.23,9.777
2023-01-08,44.37,9.865
2023-01-09,44.53,9.966
2023-01-10,44.7,10.074
2023-01-11,44.89,10.196
2023-01-12,45.13,10.35
2023-01-13,45.46,10.565
2023-01-14,45.88,10.843
2023-01-15,46.49,11.253
2023-01-16,47.16,11.713
2023-01-17,47.83,12.184
2023-01-18,48.29,12.512
2023-01-19,48.63,12.759
2023-01-20,48.86,12.926
2023-01-21,49.02,13.044
2023-01-22,49.19,13.169
2023-01-23,49.32,13.266
2023-01-24,49.41,13.333
2023-01-25,49.49,13.392
2023-01-26,49.54,13.43
2023-01-27,49.55,13.437
2023-01-28,49.56,13.445
2023-01-29,49.54,13.43
2023-01-30,49.53,13.422
2023-01-31,49.51,13.407
2023-02-01,49.49,13.392
2023-02-02,49.47,13.377
2023-02-03,49.49,13.392
2023-02-04,49.63,13.497
2023-02-05,49.83,13.647
2023-02-06,50.01,13.783
2023-02-07,50.13,13.874
2023-02-08,50.22,13.943
2023-02-09,50.29,13.996
2023-02-10,50.33,14.027
2023-02-11,50.37,14.057
2023-02-12,50.43,14.103
2023-02-13,50.49,14.149
2023-02-14,50.53,14.18
2023-02-15,50.57,14.211
2023-02-16,50.61,14.241
2023-02-17,50.66,14.28
2023-02-18,50.76,14.357
2023-02-19,51.02,14.559
2023-02-20,51.4,14.856
2023-02-21,51.79,15.165
2023-02-22,52.17,15.468
2023-02-23,52.48,15.718
2023-02-24,52.61,15.824
2023-02-25,52.69,15.889
2023-02-26,52.74,15.929
2023-02-27,52.75,15.937
2023-02-28,52.75,15.937
2023-03-01,52.74,15.929
2023-03-02,52.74,15.929
2023-03-03,52.74,15.929
2023-03-04,52.75,15.937
2023-03-05,52.76,15.946
2023-03-06,52.76,15.946
2023-03-07,52.72,15.913
2023-03-08,52.68,15.88
2023-03-09,52.65,15.856
2023-03-10,52.71,15.905
2023-03-11,52.95,16.125
2023-03-12,53.31,16.397
2023-03-13,53.54,16.587
2023-03-14,53.55,16.595
2023-03-15,53.58,16.62
2023-03-16,53.53,16.579
2023-03-17,53.52,16.571
2023-03-18,53.54,16.587
2023-03-19,53.51,16.587
2023-03-20,53.53,16.579
2023-03-21,53.56,16.604
2023-03-22,53.59,16.629
2023-03-23,53.6,16.637
2023-03-24,53.61,16.645
2023-03-25,53.62,16.654
2023-03-26,53.63,16.662
2023-03-27,53.66,16.687
2023-03-28,53.71,16.729
2023-03-29,53.78,16.787
2023-03-30,53.84,16.937
2023-03-31,53.9,16.887
2023-04-01,53.97,16.946
2023-04-02,54.11,17.064
2023-04-03,54.27,17.199
2023-04-04,54.3,17.224
2023-04-05,54.29,17.216
2023-04-06,54.3,17.224
2023-04-07,54.33,17.25
2023-04-08,54.33,17.25
2023-04-09,54.3,17.224
2023-04-10,54.26,17.19
2023-04-11,54.22,17.157
2023-04-12,54.21,17.148
2023-04-13,54.24,17.173
2023-04-14,54.25,17.182
2023-04-15,54.27,17.199
2023-04-16,54.3,17.224
2023-04-17,54.4,17.309
2023-04-18,54.41,17.317
2023-04-19,54.41,17.317
2023-04-20,54.42,17.326
2023-04-21,54.43,17.334
2023-04-22,54.4,17.309
2023-04-23,54.41,17.317
2023-04-24,54.41,17.317
2023-04-25,54.39,17.3
2023-04-26,54.41,17.317
2023-04-27,54.42,17.326
2023-04-28,54.43,17.334
2023-04-29,54.42,17.316
2023-04-30,54.41,17.317
2023-05-01,54.38,17.292
2023-05-02,54.36,17.275
2023-05-03,54.34,17.258
2023-05-04,54.33,17.25
2023-05-05,54.32,17.241
2023-05-06,54.33,17.25
2023-05-07,54.35,17.266
2023-05-08,54.36,17.275
2023-05-09,54.36,17.275
2023-05-10,54.37,17.283
2023-05-11,54.37,17.283
2023-05-12,54.37,17.283
2023-05-13,54.37,17.283
2023-05-14,54.37,17.283
2023-05-15,54.36,17.275
2023-05-16,54.34,17.258
2023-05-17,54.32,17.241
2023-05-18,54.3,17.224
2023-05-19,54.28,17.207
2023-05-20,54.25,17.182
2023-05-21,54.24,17.173
2023-05-22,54.21,17.148
2023-05-23,54.18,17.123
2023-05-24,54.13,17.081
2023-05-25,54.09,17.047
2023-05-26,54.05,17.013
2023-05-27,54.01,16.98
2023-05-28,53.97,16.946
2023-05-29,53.93,16.913
2023-05-30,53.89,16.879
2023-05-31,53.84,16.837
2023-06-01,53.78,16.787
2023-06-02,53.72,16.737
2023-06-03,53.66,16.687
2023-06-04,53.62,16.654
2023-06-05,53.55,16.595
2023-06-06,53.49,16.546
2023-06-07,53.43,16.496
2023-06-08,53.37,16.446
2023-06-09,53.31,16.397
2023-06-10,53.24,16.339
2023-06-11,53.17,16.281
2023-06-12,53.09,16.215
2023-06-13,53.01,16.15
2023-06-14,52.93,16.084
2023-06-15,52.84,16.011
2023-06-16,52.76,15.946
2023-06-17,52.69,15.889
2023-06-18,52.62,15.832
2023-06-19,52.54,15.767
2023-06-20,52.47,15.71
2023-06-21,52.4,15.654
2023-06-22,52.32,15.589
2023-06-23,52.25,15.533
2023-06-24,52.2,15.492
2023-06-25,52.15,15.452
2023-06-26,52.07,15.388
2023-06-27,52,15.332
2023-06-28,51.92,15.268
2023-06-29,51.85,15.213
2023-06-30,51.78,15.157
2023-07-01,51.71,15.101
2023-07-02,51.65,15.054
2023-07-03,51.58,14.998
2023-07-04,51.5,14.935
2023-07-05,51.43,14.88
2023-07-06,51.34,14.809
2023-07-07,51.26,14.747
2023-07-08,51.17,14.676
2023-07-09,51.08,14.606
2023-07-10,50.99,14.536
2023-07-11,50.9,14.466
2023-07-12,50.81,14.396
2023-07-13,50.72,14.326
2023-07-14,50.63,14.257
2023-07-15,50.54,14.188
2023-07-16,50.46,14.126
2023-07-17,50.38,14.065
2023-07-18,50.29,13.996
2023-07-19,50.21,13.935
2023-07-20,50.13,13.874
2023-07-21,50.05,13.814
2023-07-22,49.98,13.76
2023-07-23,49.92,13.715
2023-07-24,49.84,13.655
2023-07-25,49.77,13.602
2023-07-26,49.71,13.557
2023-07-27,49.65,13.512
2023-07-28,49.61,13.482
2023-07-29,49.59,13.467
2023-07-30,49.56,13.445
2023-07-31,49.54,13.43
2023-08-01,49.52,13.415
2023-08-02,49.58,13.46
2023-08-03,49.62,13.489
2023-08-04,49.64,13.504
2023-08-05,49.65,13.512
2023-08-06,49.66,13.519
2023-08-07,49.7,13.549
2023-08-08,49.74,13.579
2023-08-09,49.8,13.625
2023-08-10,49.89,13.692
2023-08-11,49.97,13.753
2023-08-12,50.04,13.806
2023-08-13,50.09,13.844
2023-08-14,50.12,13.867
2023-08-15,50.13,13.874
2023-08-16,50.15,13.889
2023-08-17,50.18,13.912
2023-08-18,50.2,13.927
2023-08-19,50.22,13.943
2023-08-20,50.24,13.958
2023-08-21,50.25,13.966
2023-08-22,50.24,13.96
2023-08-23,50.22,13.943
2023-08-24,50.2,13.927
2023-08-25,50.18,13.912
2023-08-26,50.16,13.897
2023-08-27,50.14,13.882
2023-08-28,50.12,13.867
2023-08-29,50.1,13.851
2023-08-30,50.07,13.829
2023-08-31,50.05,13.814
2023-09-01,50.02,13.791
2023-09-02,50,13.776
2023-09-03,49.97,13.753
2023-09-04,49.92,13.73
2023-09-05,49.9,13.7
2023-09-06,49.85,13.662
2023-09-07,49.8,13.625
2023-09-08,49.75,13.587
2023-09-09,49.7,13.549
2023-09-10,49.64,13.504
2023-09-11,49.6,13.474
2023-09-12,49.54,13.43
2023-09-13,49.48,13.385
2023-09-14,49.42,13.34
2023-09-15,49.37,13.303
2023-09-16,49.32,13.266
2023-09-17,49.27,13.229
2023-09-18,49.21,13.184
2023-09-19,49.15,13.14
2023-09-20,49.09,13.096
2023-09-21,49.04,13.059
2023-09-22,48.98,13.015
2023-09-23,48.93,12.978
2023-09-24,48.87,12.934
2023-09-25,48.81,12.89
2023-09-26,48.75,12.846
2023-09-27,48.68,12.795
2023-09-28,48.61,12.744
2023-09-29,48.55,12.7
2023-09-30,48.48,12.65
2023-10-01,48.42,12.606
2023-10-02,48.35,12.556
2023-10-03,48.29,12.512
2023-10-04,48.24,12.477
2023-10-05,48.18,12.433
2023-10-06,48.12,12.39
2023-10-07,48.06,12.347
2023-10-08,47.99,12.298
2023-10-09,47.94,12.262
2023-10-10,47.87,12.212
2023-10-11,47.8,12.162
2023-10-12,47.73,12.113
2023-10-13,47.66,12.063
2023-10-14,47.6,12.021
2023-10-15,47.54,11.979
2023-10-16,47.47,11.93
2023-10-17,47.39,11.874
2023-10-18,47.32,11.825
2023-10-19,47.25,11.776
2023-10-20,47.19,11.734
2023-10-21,47.13,11.692
2023-10-22,47.06,11.644
2023-10-23,46.98,11.589
2023-10-24,46.91,11.54
2023-10-25,46.84,11.492
2023-10-26,46.78,11.451
2023-10-27,46.72,11.41
2023-10-28,46.66,11.369
2023-10-29,46.6,11.328
2023-10-30,46.56,11.3
2023-10-31,46.51,11.266
2023-11-01,46.48,11.246
2023-11-02,46.45,11.226
2023-11-03,46.44,11.219
2023-11-04,46.41,11.199
2023-11-05,46.41,11.199
2023-11-06,46.42,11.205
2023-11-07,46.43,11.212
2023-11-08,46.45,11.226
2023-11-09,46.48,11.246
2023-11-10,46.52,11.273
2023-11-11,46.56,11.3
2023-11-12,46.62,11.341
2023-11-13,46.68,11.382
2023-11-14,46.76,11.437
2023-11-15,46.88,11.52
2023-11-16,47.05,11.637
2023-11-17,47.26,11.783
2023-11-18,47.48,11.937
2023-11-19,47.68,12.077
2023-11-20,47.89,12.226
2023-11-21,48.1,12.376
2023-11-22,48.29,12.512
2023-11-23,48.47,12.642
2023-11-24,48.65,12.773
2023-11-25,48.83,12.904
2023-11-26,48.98,13.015
2023-11-27,49.12,13.118
2023-11-28,49.26,13.221
2023-11-29,49.36,13.295
2023-11-30,49.43,13.348
2023-12-01,49.49,13.392
2023-12-02,49.53,13.422
2023-12-03,49.55,13.437
2023-12-04,49.55,13.437
2023-12-05,49.56,13.445
2023-12-06,49.55,13.437
2023-12-07,49.53,13.422
2023-12-08,49.54,13.43
2023-12-09,49.53,13.422
2023-12-10,49.55,13.437
2023-12-11,49.68,13.534
2023-12-12,49.93,13.723
2023-12-13,50.3,14.004
2023-12-14,50.66,14.28
2023-12-15,50.97,14.52
2023-12-16,51.26,14.75
2023-12-17,51.48,14.919
2023-12-18,51.68,15.078
2023-12-19,51.74,15.125
2023-12-20,51.78,15.157
2023-12-21,51.85,15.213
2023-12-22,51.93,15.276
2023-12-23,51.91,15.26
2023-12-24,52.3,15.573
2023-12-25,53.03,16.166
2023-12-26,53.37,16.446
2023-12-27,53.36,16.438
2023-12-28,53.13,16.248
2023-12-29,52.8,15.978
2023-12-30,52.49,15.726
2023-12-31,52.39,15.645
